region,SampSize,F1_wgt_F1_wgt_Direct,F1_wgt_F1_wgt_SD,F1_wgt_F1_wgt_CV,F2_wgt_Direct,F2_wgt_SD,F2_wgt_CV,F3_wgt_Direct,F3_wgt_SD,F3_wgt_CV,F4_wgt_Direct,F4_wgt_SD,F4_wgt_CV,F5_wgt_Direct,F5_wgt_SD,F5_wgt_CV
AT11,89,0.5669337731020136,0.06743557839123304,11.894789407633109,0.5443629232865907,0.06476801910780175,11.897948287286885,0.513461902404403,0.06143145577438377,11.964170172454255,0.4388562371542713,0.05263764222694466,11.994279167198195,0.55787418053683,0.06607197277592268,11.84352584884697
AT12,402,0.5675494408066083,0.03257333756282675,5.7392951557723535,0.5764047806174539,0.03361539968776597,5.83190855075085,0.5122190078268557,0.03015836272140548,5.88778672024601,0.4485065019833281,0.02677111913736815,5.968947834420311,0.5084087445914277,0.030225757353741896,5.945168661100078
AT13,342,0.6177403874994868,0.04021857979920532,6.510595812264053,0.652480360515777,0.04189924657850025,6.4215337524304115,0.6632705259009274,0.04445312300553031,6.702110416432143,0.5118235829389274,0.035344622009977227,6.905625920366133,0.5420657110800886,0.03688625984368273,6.804758000683223
AT21,117,0.43855105456260246,0.0481561877213324,10.980748357648329,0.44562953137162264,0.04775916785528129,10.717235841233695,0.4105336033147562,0.04353135174738075,10.60360257866766,0.35850479588054457,0.040260762388046434,11.230187950250324,0.404792474391191,0.04598716342649925,11.360676478895531
AT22,321,0.47298810968994287,0.03040032915985668,6.427292470372026,0.4579441493298495,0.02961969243291608,6.4679704885980565,0.44679453606393255,0.02885511954740895,6.458252556445772,0.38423866040478294,0.02549909757057521,6.636265477220002,0.4199361847861587,0.027243342640512622,6.48749586901771
AT31,332,0.4889103797698887,0.032699174915966064,6.688173593564593,0.4610607114311981,0.029069051856870674,6.304820848134338,0.4614665485740701,0.032151852788700655,6.967320358983714,0.36665598674476646,0.025849598443401227,7.05009583312639,0.42308558702902516,0.02910751425226282,6.879817026304407
AT32,135,0.5103740173166916,0.05341048324208217,10.464969106948185,0.4594355471692635,0.04734945712133638,10.306006449233688,0.5238993098380161,0.05716523894793024,10.911493463430043,0.43581225940123225,0.04629948703811575,10.623722953945164,0.4725342898174756,0.04960776157622916,10.498235291113161
AT33,173,0.4680480604152537,0.04340018834887964,9.27259228686363,0.4794295578239603,0.04402787440821414,9.183387567518428,0.47700112366870207,0.04466976174067552,9.364707864231491,0.3637875324263696,0.0339892136063224,9.343149662008223,0.3746421505299626,0.03496580639781449,9.333121312792072
AT34,104,0.4266681071628644,0.049468853267306837,11.594223340537607,0.5006127113073889,0.058269549886024466,11.639646491166598,0.39774971796077047,0.04735060737501411,11.904623746253476,0.3907918957781534,0.04748660975534593,12.151380381312553,0.3735780690106053,0.045617601539945776,12.210995592102266
BE10,95,0.4932812077521152,0.05186422454207537,10.514129410771776,0.4776707314831634,0.05121345675778079,10.72149775615589,0.4830404754627561,0.05107998099468579,10.574679263834115,0.44539250451196166,0.04876890374238335,10.94964626668377,0.47940883203518747,0.05109399881541404,10.657709120315886
BE21,291,0.5195247788274241,0.031192724009670846,6.004087828125028,0.5083804620009201,0.031028364736159015,6.1033747469435315,0.49896596297382034,0.030207168277319493,6.053953679983658,0.4352323240787804,0.027272280683901435,6.26614320101945,0.46311654966676985,0.028418236792435648,6.1363034451875365
BE22,163,0.4742789307003529,0.038729920841908176,8.166063962554041,0.48281441013177284,0.03972502678714143,8.227804712021626,0.4787047763956486,0.039137944332143605,8.175799837809883,0.38924337901547296,0.0328955134894045,8.45114272016862,0.4183476236522693,0.034694313932990904,8.293178201922531
BE23,207,0.5078783681889494,0.03615391382925267,7.118616600698002,0.5035966663543612,0.0367314633559218,7.293825755803417,0.485235149886654,0.034843972282617944,7.180842585446899,0.42165202616361674,0.031256548118595386,7.412877486438705,0.4592927403237204,0.03329701876956366,7.249628797985166
BE24,161,0.5410626808917042,0.043438935670314524,8.02844794224664,0.5101879633231448,0.04165761760790478,8.165151003674215,0.519373248146579,0.04201327004726579,8.089224887341267,0.45689808827039946,0.037922574312655645,8.300007219599586,0.4764168408843906,0.03904395230062408,8.195334201063362
BE25,175,0.5192957447130667,0.03994275170401333,7.691715580316073,0.5120536623218982,0.040521448068139884,7.913515916358473,0.47914161544609096,0.03752393786152454,7.831492120881414,0.4354532127735948,0.03451810957203678,7.9269387753911875,0.47119801533076383,0.036649216123297766,7.777879984823653
BE31,39,0.5568231079147915,0.09083250053839584,16.312631291209915,0.54711943796967355,0.09105877255976969,16.643307884962592,0.5142913990397642,0.0854954961042875,16.62394048664172,0.4454514438269898,0.07604982893875994,17.07252945133503,0.47925845210004653,0.08004172399088422,16.701160645190935
BE32,140,0.4759259851425229,0.042318405710527855,8.891803984574409,0.48710215534437223,0.04377831192415403,8.987501172768077,0.462949729032906,0.041251867876225465,8.910658175003126,0.4075563435242288,0.03722483458808541,9.133665854932874,0.449131779352334,0.040114626490249515,8.931593873872924
BE33,116,0.5387377232278936,0.050957598841087706,9.458702564166261,0.5206538813230984,0.05059253682586177,9.717115081768865,0.5203355034589852,0.04946543423368866,9.50644995485835,0.47687305391700846,0.04637034383250919,9.723833932663167,0.5078711760443024,0.04879281713312675,9.607321587565439
BE34,27,0.5558697163756378,0.10874784971155069,19.563549966457,0.5433480194687896,0.10868234938736947,20.00234573296577,0.5112559122587423,0.10116082485192636,19.78672958616657,0.4724935436998443,0.09429752693668984,19.957421258774527,0.5208129974464052,0.10262457703622677,19.704688158591406
BE35,47,0.5654252294206868,0.08393867138738896,14.845229222153622,0.5325016915481008,0.0798406591784952,14.993503390830677,0.5339701922800435,0.08052767206807449,15.080930215265896,0.476912688861897,0.07371527337979546,15.456764959579784,0.5023457892049348,0.07592902881848347,15.114893057759422
BG311,20,0.4514725538874888,0.11087213260343315,24.557889875862426,0.4978101043558283,0.12231262927935876,24.57013793193946,0.4131569075565471,0.10335794363676137,25.016632118782912,0.4069144259090909,0.10018624364128233,24.6209613771877,0.4255767589604416,0.10596602265708968,24.899391337988803
BG312,38,0.47743361271353446,0.08690955945333634,18.203485707547586,0.49073581940443517,0.08456293927999702,17.231866095004833,0.49218037853035684,0.08361535508347592,16.9887623990924,0.409577173368265,0.0743813867581723,18.16053032117916,0.4283970396517345,0.07562197784034878,17.652311020128828
BG313,53,0.40427068278637296,0.0628270431462066,15.540835836321584,0.5281750536662643,0.07954618557444787,15.06057225200007,0.5875244069707962,0.08979511119275607,15.283639305425394,0.3493167983989722,0.054083784894354996,15.482732334155656,0.4435306601520227,0.06712539391133575,15.134330034439587
BG314,59,0.3933181229967505,0.05738922170320877,14.591044334787213,0.48580845658543653,0.07275776140348958,14.976635424355578,0.41902935944138786,0.06359073799936019,15.175723745021976,0.31621842182801757,0.04710748051818912,14.897133521148735,0.3430620323146926,0.05104895532779149,14.880386204021555
BG315,42,0.42603490259268784,0.07165816443402258,16.81978729863164,0.5730852971839656,0.0939519603188314,16.394062241780382,0.5257757705861502,0.08974464336277273,17.068995640997827,0.2241545324284987,0.036518072037171195,16.291471620731027,0.20466201216621466,0.034066412071278945,16.64520528783435
BG321,96,0.5536179129877363,0.06035600165111857,10.90210418326106,0.5735378982724858,0.06337450968837305,11.049751006735399,0.3460676643768039,0.043306188274606514,12.513792166220435,0.36352408299431443,0.04095162936338963,11.265176443352756,0.38746962388306355,0.04341561555444653,11.204908173020847
BG322,29,0.37705557735708745,0.08085048081501046,21.44258981175119,0.47481699299480196,0.10325749211118636,21.74679795259913,0.5690634167192937,0.11658376254103903,20.486954373759577,0.3137920448169923,0.06622853044956802,21.10586662201503,0.3204559352006183,0.06571396970446605,20.50639806790486
BG323,52,0.4770421728576993,0.07357010233538736,15.422138024960987,0.38016488442939733,0.06224339436290624,16.372736386825814,0.4862858574513369,0.07899978930688761,16.245545309693323,0.41069492052680767,0.06415096309912563,15.620101416603289,0.4238044620657838,0.06478163411423295,15.285736681124751
BG324,46,0.36218279123249714,0.05774341574628624,15.9431693454532,0.5917365921345692,0.09285401117010886,15.69178117499155,0.5527544013320836,0.08528447569046232,15.42899983879552,0.33637740408473804,0.05396294190890064,16.042380152058797,0.3250859813260197,0.05197678342406365,15.988626520298205
BG325,17,0.3938297147299731,0.10112850427801197,25.6782310972523,0.3409740138527866,0.08884792058420803,26.057094375106125,0.3893423825143707,0.09775901218223447,25.10875172410139,0.35023613237582174,0.08936182078217458,25.514734923547138,0.35364511233523066,0.08868794405166575,25.078232657036082
BG331,121,0.6212887813926624,0.061553489623790085,9.907387911594608,0.6315773425935819,0.06277155211227428,9.9388543380137655,0.5559154166039761,0.05866109548147471,10.552162024904554,0.5821369952530787,0.056854055023575045,9.766439083442595,0.5856255171622694,0.05722928423928788,9.772334463259115
BG332,27,0.5009995770813082,0.10912995348912469,21.78244423376305,0.5549577714027657,0.12517884994680556,22.55646400452979,0.7221152352156839,0.15901522727577513,22.020755070799733,0.43985586553805506,0.10284966946759436,23.38258450680956,0.49532985757151393,0.1083794629672196,21.880260458874556
BG333,29,0.3942250573782861,0.07875955544064006,19.978323033146225,0.4178702080431564,0.08732648539830891,20.897992658354358,0.2980272724286611,0.06231817571402468,20.91022583476544,0.32516584781719676,0.06801784873930562,20.917894420924615,0.33580276670044673,0.06983884961092665,20.79758016801168
BG334,23,0.5641657628906195,0.14124403706514643,25.035910782932575,0.5349690092490378,0.13078219299653568,24.44668583328239,0.5147100431086303,0.12208529986927631,23.719237948405453,0.36444727854903214,0.08864105745546089,24.322052234376958,0.45143017487169607,0.10944090427482064,24.243152178723005
BG341,104,0.6156194417696722,0.06543240869642102,10.628710572935722,0.545600893170317,0.058813656155116155,10.77961141400783,0.4473414782320028,0.05005509819092188,11.189460541139898,0.5291418364869641,0.05794507071165417,10.950763427885125,0.5487037075231679,0.060637273996363934,11.051004971349434
BG342,48,0.5713858958534541,0.08866342346260694,15.517257969795399,0.5898706097111909,0.09440474127149562,16.004313440487827,0.36323896746462125,0.06295018884910608,17.330241105048096,0.47063039924599875,0.07550566772878038,16.04351691895566,0.471041587321095,0.07511041186960989,15.945600959944404
BG343,29,0.4419220043253981,0.09276258955172709,20.99071524925102,0.5730262585028257,0.13051136102845753,22.775808105103433,0.4873451352572345,0.10326492672042067,21.18928029637857,0.3128789420654342,0.06504369947752689,20.78877506045898,0.37429181198663025,0.07929025812389455,21.184074987653432
BG344,92,0.4958139428470238,0.05556593998620894,11.20701440285091,0.6247142976691403,0.06977067646771241,11.168413581701662,0.5520833051507986,0.06170102228782305,11.176034796228759,0.3022023829175389,0.03385125004458909,11.201516585600842,0.30540061004378005,0.034669599695078115,11.35217106806307
BG411,340,0.638550929337367,0.03821061396349587,5.983957145461764,0.6352588879336366,0.03757638077525371,5.915128696189007,0.5324976229082253,0.03235846648801421,6.076734448369756,0.5664823460877095,0.034425914297042164,6.077138067019645,0.6036415220353522,0.0365822458157558,6.060260018629628
BG412,94,0.40560489432081503,0.04607094509642215,11.358577211837618,0.4994936955945466,0.056516533525726165,11.314764135001667,0.48532794985586886,0.054809049053490544,11.293198561872968,0.28256823178629176,0.033371784553643286,11.810168589256909,0.2847622153346833,0.03369730042224241,11.833487242202304
BG413,109,0.41421810227905276,0.04540964358344311,10.96273758524713,0.5173063966006402,0.055436789793163396,10.716432303457582,0.5566469282497394,0.05871546905885227,10.548063068176962,0.3032322369559036,0.03261994351189673,10.757412813150326,0.31173265550411144,0.03321279593041619,10.654256249383582
BG414,36,0.4767375599442445,0.08917470632849364,18.705198377682432,0.4852369952514851,0.0909470228765813,18.742804808080624,0.4853163459889361,0.09296483937511246,19.15551374756947,0.39858927071854916,0.07619014001586218,19.114950053349872,0.37306703119186346,0.07283214581246335,19.52253609218198
BG415,34,0.4998325572097209,0.08912451790434552,17.83087488375641,0.48345863734211475,0.08808021944356524,18.218770467686596,0.5151963285297756,0.0936108055968073,18.169928707362107,0.3416297313840861,0.06296830832962393,18.43174131083754,0.3912185160331875,0.07080151939716182,18.09769131457869
BG421,166,0.5356090010417404,0.04698005638710548,8.771334368117591,0.5525185167760525,0.048844876955180014,8.840405429340187,0.5066511012726237,0.04450269261101609,8.783696018667026,0.38663253226465866,0.03412232242860375,8.825517663693715,0.4356681955139451,0.03859838213704984,8.85958225422364
BG422,68,0.5863929912237519,0.07885689504621687,13.44778949039778,0.5305344165051297,0.07347405080675784,13.849063985474245,0.3502343971801815,0.04764111602928292,13.602637665761161,0.5267593367990795,0.07148211067708099,13.570164908979342,0.5679976028499796,0.07607713075511818,13.39391757524931
BG423,45,0.45937354585632567,0.08256779669016387,17.97399903301961,0.5119830668768137,0.09453026883934244,18.46355376868099,0.32056329658094285,0.06042382025599122,18.849263437348664,0.34025950968974333,0.06190277170852829,18.1928116469023,0.3569698179405834,0.0649039428824581,18.181913321663842
BG424,40,0.4661197900364762,0.08222402230831363,17.64010541193267,0.4346448545326468,0.08203021430173474,18.872928885799872,0.44579535858800134,0.08225290525157056,18.45082136164358,0.4730865112850341,0.08471726248077466,17.90735107848649,0.48003357192489754,0.08584729180014519,17.883601652256154
BG425,28,0.39924253115442976,0.08238212707417666,20.634606948303986,0.4313380427320959,0.09315899079634654,21.59767550440887,0.4364915989803221,0.09027961366196346,20.683012885669182,0.2813272807747613,0.06326223748698831,22.487061088696144,0.32037057989253154,0.07224753378292809,22.551238571020956
CH01,216,0.5400502550255026,0.03766263601938173,6.973913199541624,0.5171267893660533,0.03640093015832778,7.0390726040226514,0.5792035629904512,0.040089471259660614,6.9214821560622095,0.5549637514805498,0.03879461678293426,6.9904776085711475,0.6122575804038546,0.04235218581467029,6.917380391882471
CH02,296,0.5437650521808938,0.03235163641375931,5.9495615402287605,0.521279934623493,0.03115612967597108,5.976851899828898,0.5210350171694933,0.031249277433912204,5.997538822567615,0.5017878213283351,0.030089839227676524,5.996526409912173,0.5617994321996161,0.03333475703179351,5.933569014350508
CH03,141,0.576192300081072,0.04936682910979216,8.567769666975087,0.500885747850896,0.043407667145181926,8.666181326066308,0.5016098125248303,0.04320998629131982,8.614262562732637,0.5226272480077879,0.04537149998298726,8.68142641929591,0.5943478315026006,0.050912598355903046,8.566128394409777
CH04,168,0.5691981698169818,0.044884150957598956,7.885505143495256,0.5236295438420767,0.04175997160902493,7.975098445098328,0.5383970119236952,0.04253293086991788,7.899919562693616,0.5174454169019387,0.04131392438434895,7.984209161944974,0.584487269859855,0.04603547803425814,7.8762156864932695
CH05,148,0.5353692801712604,0.04512961068166758,8.429622758188698,0.5125911954899685,0.04311911295650296,8.411988605322586,0.4948754196854568,0.04190164766238155,8.467110306067388,0.5094553320837906,0.04337761168299939,8.514507347597068,0.5886606059099159,0.04935540254425258,8.38435629100099
CH06,128,0.5796966415391539,0.05212907168108278,8.992474329793383,0.5037949852103418,0.04563549655230517,9.058346726744745,0.5064554249867468,0.04583283844606518,9.049728008593167,0.5296288290513833,0.04806516936063787,9.075255485379687,0.6002590010035962,0.053854627750813906,8.971898407316221
CH07,34,0.47168687456980996,0.08405173657357944,17.81939271688166,0.524030777955354,0.09315106335440775,17.775876393722804,0.5578178435183934,0.0982589629510749,17.614883441396213,0.49412927226226455,0.0884361355730317,17.897368267244296,0.5547230517196424,0.09756824300607785,17.588640440237
CY0,579,0.5066908808463084,0.024194413194480586,4.7749849284971315,0.47024518375870183,0.022779392446049613,4.844152206721688,0.4903206557924666,0.023625968253744356,4.818472967564372,0.41909596323310255,0.020786992991842123,4.95996020373986,0.4603836612452509,0.022169894707001103,4.815525956554524
DE1,309,0.5204333087126966,0.030438578744273748,5.848699196360866,0.4895229550050629,0.02908340093151466,5.941172039871729,0.49695569768154635,0.029652009158381114,5.966730897083383,0.4537712756567905,0.027433557068795477,6.045679517525217,0.5006605810969891,0.02973127650940742,5.9384096994941595
DE2,369,0.5095945535069947,0.02721323432050836,5.340173699508512,0.4921896364787581,0.0267021536825906,5.425175928860301,0.489514573548038,0.02655362322751145,5.42448063089293,0.42759357652872604,0.023706284567816083,5.54411615821443,0.46817720195055773,0.02565134035209625,5.478981087764539
DE3,70,0.5337879484447731,0.0652806375346484,12.229694905036336,0.5018107256519969,0.06294519720428869,12.543613355913172,0.5193410889267411,0.06512144449692724,12.53924364650326,0.45992332147618176,0.05846445401570157,12.711782874600171,0.5094877253473756,0.06336743205042225,12.437479628624512
DE4,72,0.499038585750025,0.05996801932906391,12.016709938157502,0.45555182342919226,0.05574517620532088,12.236846246316368,0.46669303635757203,0.057476916837934114,12.31578625782115,0.39960410972030086,0.050434313280287676,12.621069717122955,0.44159725494082963,0.05459950190464501,12.364094498721666
DE6,35,0.5543837564292143,0.09551360839080192,17.228789134444533,0.5223474500313009,0.09005292880207581,17.24004372887807,0.5362288676457224,0.09306550002951161,17.355555742104965,0.5111218938850675,0.09064504647596962,17.73452625693087,0.56461959293659425,0.09924999340096519,17.578205687968534
DE7,167,0.5164726150586136,0.04120750013929438,7.978641836531412,0.4848441750492004,0.03920953966913865,8.087039442138249,0.4984500275061293,0.04038399131029055,8.10191374897536,0.4461939784385737,0.03721978545107474,8.341615362296666,0.4924925492167492,0.040135695601194295,8.14950310720951
DE8,34,0.5104597548732991,0.09042365085381035,17.71415865610294,0.46596144488116725,0.08361402922981706,17.944409381583252,0.4693945320220783,0.08499698326636591,18.1077915203256,0.4148391115882142,0.07607601308301502,18.33867901022098,0.4601879005300366,0.08334447760576798,18.1109667398411
DE9,195,0.5200240615803273,0.03819764923420797,7.345361889241666,0.49942482803775373,0.03694450415455571,7.39741039701833,0.49871658443695316,0.03714370534250979,7.447858463428627,0.4516378336642251,0.034344577387854215,7.604450917942373,0.4963470589528717,0.03714125056443593,7.482919440036917
DEA,576,0.5150277908177817,0.02220654076000613,4.311716990018286,0.49712541851913983,0.021548955528675293,4.334712071828135,0.4969834586207657,0.021618311649247757,4.349905670752735,0.44275343474069057,0.019753022661825156,4.461404725949556,0.4863384058106885,0.021252645505424154,4.369929508239769
DEB,91,0.5079263898370541,0.05472800524217235,10.774790665972175,0.4961791123492021,0.053504761556504354,10.783356297120514,0.49071721327287665,0.05353703542438682,10.909956687135018,0.4348335590215515,0.04889530735073785,11.24460298344049,0.4748732836835841,0.05243580001746879,11.04206149706405
DEC,26,0.4912942566447414,0.10029165714515861,20.413765434608013,0.46181366986449135,0.09738344118106462,21.087171631285745,0.49041794021708107,0.10256320796767794,20.91342904834983,0.4254132156617098,0.091538675044020107,21.517590820876613,0.4556498785153209,0.0959414385684632,21.055956139191032
DED,106,0.49769472708751256,0.04986271291473753,10.018734417085733,0.4708558708428555,0.04792664600920341,10.17862343383599,0.4724277796407459,0.04859571348151077,10.28637933155942,0.39542469242777917,0.04201232519066305,10.624608426125596,0.4229081427821391,0.04409028181406524,10.425498436614005
DEE,60,0.48696869413807387,0.06573165260201548,13.498126962424013,0.46795350938321656,0.06323490932221804,13.51307513551174,0.4795502998569241,0.06457892207220511,13.466558584463927,0.4206438534128039,0.05829467808300576,13.85844048594657,0.45522030912581196,0.06244642845484169,13.717847644970293
DEF,95,0.516257079376664,0.05404863845772934,10.469326352480902,0.5172737892891739,0.05499532185107429,10.631762712479135,0.4998654492924173,0.05315533886625233,10.633929378695042,0.4457386381804943,0.0482725305123738,10.829783729187653,0.49397902514290243,0.052754367508554154,10.679475205104694
DEG,46,0.4966852223760028,0.07532350976107376,15.165240753640143,0.4767640725298175,0.07338228548754863,15.391739796618001,0.46494577133408116,0.07252636551348787,15.598887006840831,0.4032292300372604,0.06558566633418435,16.265107152108964,0.4368990462919665,0.06867798936488428,15.719418466981237
EL30,828,0.6140746541068901,0.02498056202363858,4.068000829633703,0.6006355870275248,0.024804089758000424,4.1296403832401865,0.588359841832921,0.024047314262900032,4.087178041925038,0.5311820382756884,0.022077616166843044,4.1563182818664055,0.5747190486543791,0.023509892583006977,4.090675720258788
EL41,41,0.324909786541481,0.05668861566936288,17.44749404835963,0.2900446938835211,0.05055479054846021,17.430000139482807,0.33746100212769214,0.06211020613478445,18.405150741324032,0.2901881271803108,0.05322449960786801,18.34137741093609,0.2939905957320031,0.052869007241928626,17.983230759572706
EL42,54,0.30564835097798115,0.04626157153386189,15.135554105179699,0.2855090433290324,0.04388614705422574,15.371193340327766,0.34722607287976215,0.05443041068673907,15.675784434997567,0.307292423299131,0.046568442801311394,15.15443898725084,0.34320779440532273,0.05160241784005247,15.03532806691181
EL43,136,0.4746741066821689,0.04822869378462804,10.160380165190027,0.46392105996022265,0.04952384416143328,10.675058417412552,0.43673797773744066,0.04688923604953659,10.736239676808136,0.36926748710160556,0.038120013312032075,10.323143694896482,0.43087023666443847,0.045732150089241724,10.61390325850191
EL51,132,0.4416541060152402,0.04367559744411916,9.889095753728155,0.4410610245342503,0.04614236054954632,10.461672644566935,0.46294029745090953,0.04717273282682282,10.189809158237093,0.4206489950126716,0.04314555435275165,10.256901802761215,0.4330096781877422,0.04504166985960804,10.40200072389123
EL52,411,0.5077886287897315,0.028727966771158506,5.657465556018659,0.500088953877756,0.028954672459865452,5.789904423072553,0.4891204141122618,0.027680679063151734,5.659276992842611,0.43184960918419135,0.02454788737544997,5.684360215544359,0.48987698383441314,0.027548724742350747,5.623600546961539
EL53,64,0.5245180190553275,0.07339086169498335,13.992057284735894,0.4913626007829618,0.07173692114526528,14.599589189522376,0.49633812589274273,0.0701901127548815,14.14159201021148,0.45241199051731495,0.06491527616755477,14.348708152789397,0.48881469466009714,0.06957486765497586,14.23338300076178
EL54,61,0.5366147725261396,0.07973333473038009,14.858579899884532,0.44629733090458473,0.06808614823944774,15.25578208174498,0.5369942816672267,0.0786209926218239,14.640936655363683,0.47032023980927823,0.06892314477741905,14.65451387024475,0.5076671126049491,0.07345608810205746,14.469341479525527
EL61,186,0.5465006429534373,0.045181844454660204,8.267482396815728,0.5991764350592058,0.049318646750569954,8.231072496316829,0.4441435497690376,0.0361511447382252,8.13951812584567,0.4328076290745076,0.03700912676053646,8.550941405463385,0.46124309419891707,0.03892842892008692,8.4398941490273085
EL62,47,0.4969922250213724,0.08671395329467294,17.447748461446036,0.42982407942673473,0.0749993023289908,17.448836842509827,0.46337288202879623,0.08202503639740803,17.701734300521842,0.43521578659473165,0.07771785573116567,17.85731541111024,0.4358391869331594,0.07615748882234158,17.47375892430277
EL63,177,0.46569592060646237,0.04017202823096243,8.626235801818396,0.4422733591689197,0.03966427308452349,8.968270926165896,0.48808079382846487,0.042360912405526356,8.679077919303259,0.4140314059628932,0.03687942580719087,8.907398152906334,0.4276243294363654,0.03734423589051847,8.732953978493324
EL64,138,0.4952723705244851,0.051111280134764125,10.319832717629321,0.46928041241324675,0.04876255260833677,10.390920080720656,0.5124103567957864,0.052191607164193875,10.185509811034922,0.40143698236803943,0.041282217726201165,10.283611012289201,0.4699930791121749,0.047895364677968004,10.190653183328397
EL65,121,0.4722906545221787,0.05570391665712847,11.794414334428168,0.454926233699669,0.05230335458386595,11.497106719590793,0.4707469685757712,0.055390556209764824,11.7665242491836,0.37758419485217953,0.045926394635806195,12.16321955790176,0.42662047329697944,0.051835100664623594,12.150167164748348
ES11,134,0.48504394964312103,0.044019746342549675,9.075413965051604,0.5030315904100227,0.04581132733229546,9.107047788977725,0.46657650137319234,0.04253136581175313,9.11562534473512,0.3803440695352513,0.03665448119198822,9.637190146484192,0.41632732367045344,0.03875198788824496,9.308057791306377
ES12,14,0.5594570535482833,0.1535082041814782,27.438782513844888,0.47120967236916234,0.12974929095966387,27.53536240190199,0.45646860405674905,0.12722742967066047,27.872109612788027,0.3756873807466249,0.10490061717696794,27.922315880957452,0.4409941926187887,0.12394320155693746,28.105404477305314
ES13,29,0.47338358618268717,0.09178443491345649,19.389019305378966,0.477385822343528,0.09322882825244658,19.529031632061937,0.4755668586551175,0.09300407752387056,19.556467367571,0.410144367899005,0.08432648039047194,20.560194651078742,0.42478640366860554,0.08473566484529357,19.947828864927505
ES21,82,0.5336745546171324,0.060796690755009014,11.39209097173944,0.5251035561333661,0.06003879575078805,11.433705799459366,0.5161862380532413,0.05941417742729104,11.510221127042689,0.4501590008858224,0.054033186285427706,12.003133599261874,0.4869275660430567,0.0573907475740764,11.786300792221242
ES22,42,0.4928467650362822,0.0806513944800192,16.364395629964587,0.5083479319303764,0.08229061573741683,16.187852958293806,0.4968035609850512,0.0814521437144443,16.39524152221107,0.3782631130108824,0.06502429144697872,17.190227968410973,0.4174629628032991,0.0693248177166351,16.606219926939886
ES23,7,0.5641266143140028,0.23675027648510008,41.96757792982281,0.6508399555246024,0.2712500678832033,41.676923117691075,0.5141214451796127,0.22947076116228574,44.63357117540938,0.4183705275614701,0.1894201066399451,45.275681282810744,0.4815758481953189,0.22201501097199058,46.10177437344099
ES24,45,0.47278913106850684,0.07260555574189331,15.356858051665492,0.49027052133265175,0.07536688036424885,15.372509070989388,0.45612880924682414,0.07150014294180976,15.675427969540731,0.39847570475266497,0.06681780990422452,16.76835227525315,0.42848654489104476,0.06931316416569086,16.176275542868158
ES30,253,0.5010561765406517,0.032583900775643604,6.503043431298767,0.5091394134206697,0.033217197426854216,6.524185036802277,0.4879580382626087,0.031874033159196,6.532125850961403,0.4053139274629562,0.027702670680662695,6.834867692325868,0.4495751134699273,0.03026066165133427,6.730946786127753
ES41,93,0.48016338530404656,0.05159900139443151,10.746134123025282,0.5093993022490176,0.0549538335971716,10.787967976113885,0.4872154561234649,0.05322245065275712,10.92380177677903,0.3855762048895174,0.04356026956454246,11.297447563452257,0.4165457345193934,0.04622708707789383,11.097721869899884
ES42,78,0.5370562591638857,0.06303014264655933,11.736227177519094,0.544635168083103,0.06380929915652474,11.715971148375864,0.47569430989352113,0.05671517592590202,11.922609698357983,0.4101833238091388,0.05047298406274012,12.30498197587027,0.44813430304346985,0.05415428952692287,12.084388353923847
ES43,51,0.46852984647570645,0.06855678775404436,14.632320282204065,0.52676179173068,0.07766960533656295,14.744730266289595,0.4578638460546969,0.06894220766561418,15.057360012080593,0.33379797936913896,0.052284513580467276,15.66352009658127,0.38007457449701304,0.057713389579933126,15.184754112087202
ES51,213,0.5108719100526278,0.036078842361560615,7.062209068774975,0.5189620723160847,0.03690975978459263,7.112226837669934,0.48671401852708757,0.034761398126207946,7.142058129207827,0.391314907148153,0.028834382943333514,7.368587911325528,0.43596768338195435,0.031512996671558505,7.228287295769523
ES52,177,0.5330167252746902,0.041282827589611715,7.745127991684803,0.5199970051240611,0.04098307824226835,7.881406592426545,0.5118652629006043,0.0402541146214446,7.864201292608769,0.4491798842382219,0.036411519865250035,8.106222282638827,0.4928286787657751,0.03895120734318809,7.903599977326055
ES53,20,0.7174891725135014,0.17331494886255006,24.155758093936765,0.7213356338650307,0.1751370009986139,24.279543776341956,0.7607269445440891,0.1842427648041313,24.219303144908288,0.7270289759081926,0.1837226276289433,25.27033085571865,0.7237630286342728,0.17819560827349495,24.62071164504585
ES61,298,0.48885799562076004,0.02938081837742924,6.010092632344283,0.49275566609333915,0.02982268815647958,6.05222632809472,0.4816664292293798,0.029206815763797928,6.063701763588972,0.3854343163208369,0.024228910934256546,6.286132269055233,0.42824254273391843,0.026463732799290964,6.179613223465697
ES62,41,0.4955157063304867,0.08009414243824967,16.16379489388586,0.4730844843857549,0.07912429727241857,16.72519388902645,0.4278201179554261,0.07359845463382825,17.20313083581926,0.39210907580913734,0.06709895439789174,17.11231862191141,0.4100232994025339,0.06904471583100091,16.83921765704767
ES64,1,0.592367409089109,0.592361812340603,99.99905518966438,0.45271301075810694,0.4527087334787906,99.99905518966438,0.5562624709259586,0.5562572153006401,99.99905518966439,0.503570281094143,0.5035655233100801,99.99905518966438,0.46620215561930245,0.46619775089315124,99.99905518966438
ES70,66,0.6323636000381856,0.08832247622039414,13.967039882602469,0.6557698641359918,0.09074618295080532,13.838114240026531,0.6163014408919554,0.08689683515918947,14.09972935215374,0.49705638904414245,0.06985657708789109,14.054054756690249,0.5776597277624872,0.08160491941087912,14.126814712697458
FI193,72,0.5308880888088809,0.06416354279876631,12.086076924936453,0.5091355049177135,0.0628344211021771,12.341394480499332,0.5108921874693213,0.06166352840038007,12.069773214937431,0.43912694135026153,0.05496446031524343,12.516758854793661,0.48733308243427836,0.05965744813310749,12.241616726513305
FI194,44,0.5047070616152524,0.07787996134344068,15.430725517133745,0.4874312803760657,0.075766669426859,15.54407205224972,0.45943107519799514,0.07188446954952198,15.646409968795176,0.4417261457550713,0.06899462431901132,15.619320925881423,0.5093878063059296,0.0787364977490273,15.45708334088773
FI195,45,0.5439283928392838,0.08229959046509848,15.13059284063073,0.5296133995520499,0.08115438790345221,15.323326028399785,0.5388957609314563,0.08203730262335485,15.22322285140213,0.4642611889647462,0.07277836631966328,15.676168512373694,0.5175545705444509,0.07939502863521403,15.340416866900238
FI196,65,0.5328158969743128,0.06673489839437875,12.524945065142466,0.5463999190993056,0.0698957794256656,12.792055229598665,0.4777644867943507,0.06115267893125884,12.799753983719901,0.4476740650653694,0.05844211624160395,13.054612898576162,0.49994145688717906,0.06436376898707877,12.87426119606713
FI197,169,0.5130449139588515,0.0402957007145142,7.854224770220819,0.48161842876330846,0.03850885128653414,7.995717976452128,0.47503479298305784,0.03780987148928295,7.959389932650985,0.4363772439175297,0.03515522239531263,8.056153909335512,0.4860365025958402,0.03855518687739217,7.932570222910281
FI1B1,427,0.534540269015192,0.02635764659960163,4.930900088811181,0.5160650401164187,0.02599054150910487,5.036291840896969,0.5261755848489877,0.02623088267965366,4.98519570937179,0.4646995264827183,0.02343114528263502,5.042214150718831,0.5013317627822884,0.024973355952768974,4.981403096059976
FI1C1,134,0.5182704837647945,0.04583208869607101,8.843275882342335,0.5135453320601201,0.04591383375306439,8.940561015106123,0.5071791598642237,0.045188305565834246,8.909732327710694,0.4460577547047372,0.04039719794522914,9.05649493123813,0.48780455837397435,0.04346498967088191,8.910328721766383
FI1C2,36,0.511026102610261,0.0868178809215286,16.988932752764118,0.45939234589541345,0.07831636213560556,17.04781606296838,0.4939845084526123,0.08485124317134086,17.176903671966183,0.41321315926059005,0.07163724772076027,17.336632707668134,0.4552563352011374,0.07816031085761935,17.16841805684862
FI1C3,64,0.5103186881188119,0.0651596717731883,12.768427512107472,0.5091819127957932,0.06564731307355044,12.892703260627844,0.48404228883194916,0.06280650663525165,12.975417248524115,0.4554227115522817,0.06030386783127116,13.241295680166884,0.4882691624153216,0.06304311479921802,12.91154954111019
FI1C4,62,0.48673238291571097,0.06407243104997776,13.163790472735691,0.49159268892595626,0.06473455696408717,13.168331918345006,0.44348568366689656,0.0594106280440705,13.396289943982499,0.40261437529702215,0.05548743068987104,13.78178080425869,0.4630571375385453,0.061480587199655073,13.277106044939728
FI1C5,26,0.4662085439313162,0.09543097105042427,20.469588619226066,0.45553832670397093,0.09187362165057195,20.168143110003456,0.5130323378688814,0.1044715063378646,20.363532398724736,0.40621631333093783,0.08536481199707803,21.01461935319488,0.443911194601167,0.0906377786736587,20.417997963554942
FI1D1,38,0.5295608508219244,0.08810346419697845,16.637080339348014,0.48654804188385076,0.08215138468401674,16.88453710879963,0.4445433915235164,0.07558385727926166,17.00258258709561,0.48276897327760654,0.0815172180471317,16.885347352315634,0.5183288362245414,0.08670004418967374,16.72684175188645
FI1D2,77,0.5245502472325155,0.06120011265651867,11.66715924344817,0.4950288537054532,0.05870475403685855,11.858855013689451,0.49465281140488776,0.05832609213551791,11.791319242654886,0.455733091917066,0.05421798331410123,11.896872155153433,0.4874078000280225,0.057537396722563,11.804775532778715
FI1D3,46,0.5239854420224631,0.07842789070878005,14.967570550446297,0.4833765194528064,0.07366855728881583,15.240408734005195,0.4730344891169895,0.07178267730299645,15.174935222375163,0.45321751628677215,0.0686085207493213,15.138099981535014,0.505096159789972,0.07584393078461382,15.015740926668514
FI1D5,12,0.5258325832583259,0.15519076262191336,29.513340854663767,0.5265666082383874,0.15577302500346465,29.58277691109176,0.47467161453731516,0.1419525757780183,29.905427548345433,0.46989908971134264,0.13911615803330138,29.60553895066278,0.5184341111204037,0.15143352111875297,29.209791151952825
FI1D7,41,0.5128010362011811,0.08233234787240813,16.05541761037075,0.49797994912464466,0.08197117655028185,16.460738367954736,0.5059628737301687,0.08176483182707346,16.160243383920466,0.4113717430742399,0.06874733562869315,16.711730153105428,0.4706764279317962,0.07669640193202668,16.294931587935913
FI1D8,25,0.49490909090909085,0.10152980575024237,20.514839516029873,0.467125328659071,0.09645972615391926,20.64964587358522,0.46077045414384166,0.09481706151868458,20.57793868204165,0.3813438735177865,0.08013418249179274,21.013627871500383,0.46044660031780543,0.09449874499417668,20.523279991415418
FI1D9,83,0.554336156507217,0.061696732394152236,11.129840922319305,0.5012803184693199,0.056966377171519256,11.36417590570251,0.49609109702638077,0.05647939500992561,11.384883814377783,0.4645307785219209,0.05321978157984725,11.456675002071115,0.49959543786923216,0.05643501392353756,11.296142767882776
FI200,7,0.5440401182975441,0.20796910140924524,38.22679512313165,0.5461061725303619,0.21044909592008346,38.536296878860696,0.5544896877287759,0.21490901469546445,38.75798224052553,0.5389225399106822,0.20679661536434885,38.372233493633814,0.6068172857501284,0.2310226230308793,38.07120008872134
FR10,223,0.5213311823434429,0.03579543665122861,6.866160679344761,0.54114932798503,0.03735580992928714,6.90305022984719,0.5043251214218472,0.03521569947370965,6.982737519484613,0.4402828931326165,0.030860103809985464,7.009153499109531,0.4729224201786821,0.03309044664033749,6.997013723273064
FRB0,80,0.520089566439244,0.05953007824549531,11.44612045441783,0.5497306049728857,0.06323967807915162,11.503757932900749,0.5070442689193099,0.06013696121199918,11.860297985454455,0.4420054267003907,0.052452912389139225,11.867029050006199,0.4681630657335661,0.054866207130119686,11.719465106490121
FRC1,41,0.5190297989611644,0.08284569709044538,15.961645604213984,0.5526334692805306,0.08722408247958625,15.78335141249093,0.497997506217702,0.08226659520567632,16.519479350507645,0.42103090932961884,0.06967551999240942,16.548789755923003,0.45362346535706205,0.07431067717178885,16.381576978892937
FRC2,31,0.5135932597421677,0.09474322726619434,18.447132135993566,0.5211628686436629,0.0967994813115614,18.573748656247144,0.49550153509619277,0.0928480384393548,18.73819390313897,0.45350300765523394,0.08632805232774031,19.03582795935267,0.48058874137195917,0.08998390513243265,18.72368147359245
FRD1,22,0.533396837988708,0.11595353369896934,21.738699114940026,0.47271016868576216,0.10574354282599702,22.36963573683791,0.5019058114817107,0.11302024736370993,22.51821851395884,0.4579947153950119,0.10089234422129305,22.029150300189663,0.45428344834482653,0.10001216695958079,22.015366688787207
FRD2,57,0.48349721796342793,0.06586305955227785,13.622220998438047,0.5223538645340345,0.0713014985169591,13.65003752399986,0.47815512658953446,0.06564138741320551,13.728052626225303,0.4021443137466825,0.05755100236640835,14.311032233732067,0.44581818195727674,0.06218273448057494,13.948003243738045
FRE1,96,0.5053367461382483,0.053403854198852435,10.56797365459,0.5579316887666385,0.05844165231065976,10.474696721358601,0.4739771163581795,0.051237651692329786,10.810153048319327,0.417604321600959,0.04594587832656164,11.002251641079791,0.4259659699682543,0.04588500408854678,10.771988215858281
FRE2,50,0.519362159280468,0.07634540211484742,14.699839168224628,0.551036170563979,0.08042634047842917,14.595473904392476,0.5315302318847853,0.07736538081672424,14.555217403606497,0.42989459287243975,0.06461428341045022,15.03026194833366,0.45749248417228394,0.0673259295900738,14.716291943436605
FRF1,51,0.5285176596271157,0.07609512609314655,14.397839827496743,0.5459774985081887,0.07921500229644392,14.50884011024052,0.5131313803627053,0.07523929800485082,14.662774658542254,0.4622691110857588,0.06814858748894582,14.742189312385856,0.48040705099649567,0.07051117950321076,14.677382306723283
FRF2,24,0.5092844377430242,0.10699072254193409,21.008048668457384,0.5125881562216987,0.10854832387839135,21.176518138558645,0.5047664737722359,0.10910464512750745,21.61487555069641,0.4139756038402802,0.09094400273535794,21.968444973981097,0.4277355752076886,0.09330175311423791,21.812951393845342
FRF3,62,0.5105466539964286,0.06677772424814794,13.07965172730621,0.5460015856498968,0.07128757197819936,13.056293947085692,0.4886734573353892,0.06482950520082545,13.2664265324178,0.4179290507149687,0.05706422621111517,13.65404632999142,0.45432365103756195,0.0609455924114895,13.414576210660607
FRG0,118,0.5185680277737266,0.04909229377330026,9.466895594018636,0.5501509838666462,0.051970330358139506,9.446557741817443,0.495776431425448,0.04788425496769104,9.658437136677724,0.4325504691378801,0.04230288477898191,9.779872592277183,0.45377605075494387,0.04408851437530325,9.715919185676176
FRH0,102,0.5344375818019096,0.054057858825107344,10.114905962048157,0.5521035755169185,0.05610562429302392,10.162155577509864,0.511991816261681,0.052817239419528865,10.31603196417768,0.4643832622166268,0.04844659284844202,10.432458873989848,0.5036668104991825,0.052023940827288284,10.329038908822984
FRI1,88,0.5130958528290238,0.056052064547856606,10.92428719484009,0.5312394524513735,0.058363594961638315,10.986306587796314,0.49691874337549596,0.055963859706872905,11.262175245537858,0.4210188862716513,0.047849539298098445,11.365176446556081,0.42824550766371167,0.048377465720170924,11.296666247380765
FRI2,19,0.529868964169359,0.12429582326780765,23.457841782195736,0.5756927147732829,0.13563297608286567,23.559960479312327,0.5086143894632676,0.1208228163589116,23.75528865520575,0.4826202388231177,0.11455130387928995,23.735288051455605,0.5288210872395822,0.12366872145165259,23.38573941844806
FRI3,52,0.5177753279329433,0.07446704617918691,14.382115593740897,0.5592659055951258,0.07992606900306522,14.291246472107812,0.5020070640721044,0.07431235515165749,14.803049691942949,0.4346257920187125,0.06390798653290493,14.704140367756505,0.4820151743549964,0.0701679049919382,14.557198346677083
FRJ1,46,0.4892900481153485,0.07458061969799658,15.242619379909081,0.5134922566263385,0.0792036284662173,15.42450298794919,0.4737517958417143,0.07536410283744624,15.907929742735208,0.4213055945353192,0.06716292511088137,15.941617197122438,0.47081660977824524,0.07260076442722563,15.420179092963735
FRJ2,78,0.5406793793469962,0.06260090583383898,11.578193699461043,0.5738743355998449,0.06654002362912693,11.594877049097457,0.5161486004579499,0.06054503618577248,11.730156031044983,0.43838495788627374,0.052262016646396924,11.92148948229989,0.4606408473764536,0.05451601811157351,11.83482064651138
FRK1,38,0.5237452700727179,0.08714790200731165,16.63936783528601,0.5288237163424282,0.09003732182152603,17.025961400570836,0.4966396171761796,0.08353461564993468,16.819966180889942,0.44637573098251604,0.07629712984955853,17.09258020852101,0.48013826572014634,0.08187810038693386,17.053025395534164
FRK2,181,0.5183838371549249,0.03963367654764592,7.6456235142611035,0.5396194894947971,0.04114602406613236,7.625007040545203,0.5004934716454695,0.03894685320315464,7.781690553347139,0.43140307121804045,0.034249624435384096,7.939123923870628,0.46069142561650234,0.03600484233375349,7.81539232807978
FRL0,88,0.5192132481999325,0.05665343389775583,10.911399910184956,0.5574875643946449,0.0613269491398206,11.000595000968904,0.4956237784204365,0.05544080396253882,11.186066201107188,0.43037274382714247,0.048099380601004334,11.176214407370386,0.45335020572812995,0.050610905394173254,11.163754809129646
HR021,23,0.4788435450649631,0.10326910288182567,21.56635584756927,0.4854983714209505,0.10564521276842492,21.76015801231709,0.5153661968795379,0.11285424535265956,21.89787495493,0.3786754327655096,0.08343556086453603,22.033528886518113,0.43278097465246845,0.09802837199808495,22.650804388248268
HR022,65,0.477778007360133,0.06161323513228331,12.895787203080976,0.4791304884995281,0.06294637138989492,13.13762594967006,0.4888982955843789,0.06380798636607601,13.051382453646415,0.35094084166998807,0.04701695759194529,13.397402641485174,0.35080723612887205,0.047062231841770885,13.415410799702595
HR023,15,0.4438908899854786,0.12395546688811902,27.92476026984336,0.4497419610569676,0.12178393663445869,27.078624451284554,0.43179815513223774,0.12445278083704238,28.821980677274745,0.36715073765337164,0.10396299897299206,28.316162358127663,0.370467388151543,0.10719638088903072,28.935443258282447
HR024,27,0.5254730061082775,0.10680514200586036,20.32552400681309,0.4941165667583666,0.10450084841476254,21.149027465388677,0.4369860507146925,0.09181909695106363,21.01190571206864,0.4168712865299902,0.08810694767768526,21.13528816318385,0.4244268844882434,0.0885961160905063,20.874294095985903
HR025,115,0.50012756924358,0.04839136384945311,9.675804099870524,0.530285313608467,0.05140855610387383,9.69450874549979,0.5032284030969982,0.04950149371626252,9.836784531957552,0.3750272675369557,0.03768089874898596,10.047509077529364,0.38358590259876146,0.03854332932608112,10.048161067691327
HR026,36,0.48225746235593564,0.08327968064346591,17.26871788289725,0.5163102463016117,0.08887327413872072,17.21315328822737,0.4920478925608176,0.08554522969131265,17.385549452534068,0.374559522284555,0.06738784428230458,17.99122443110915,0.40215581095685465,0.07087019169398935,17.622570596547384
HR027,19,0.5454353429851723,0.1281266970638401,23.49072144144558,0.5008545856095762,0.11752083374448406,23.46406264833389,0.5460335869082319,0.12903468427556603,23.63127239226989,0.3663659824391512,0.08717740766517879,23.79516981483341,0.4374746754893632,0.10361132740360449,23.68396005727735
HR028,53,0.48186446609065436,0.06868957391065589,14.254957305304423,0.4980219589826038,0.0719603808673299,14.449238546496204,0.48499350896981597,0.07094797887445196,14.62864503592098,0.3947239382184964,0.057958116160374176,14.683202752271871,0.4030194336703376,0.05891035780878437,14.617249910824883
HR031,115,0.5380695850261809,0.05229109900282628,9.718278166620765,0.5762278655832984,0.056568812008342656,9.81709066622103,0.5577461873873476,0.05434204579652896,9.743149666532656,0.4422656173625974,0.04439641574170282,10.038405428497017,0.45220697667566023,0.04532737452261675,10.02359027183414
HR032,23,0.49196415587265685,0.10529498271096233,21.40297854102557,0.38417684003943914,0.08130627918934943,21.163763849221787,0.6842209121522469,0.14302880274989574,20.903892326236036,0.4091564079441172,0.08743055497050006,21.368492164111817,0.4669462387708855,0.10138429543950754,21.71219875469504
HR033,38,0.4084976493128997,0.07257546811188274,17.766434698940365,0.43378698074876615,0.07537971171756871,17.37712634608228,0.46891097293096234,0.08315233590209187,17.733075296221394,0.3636311405489627,0.06623145779751831,18.213912509674152,0.4451792611319949,0.0774406452200069,17.39538473178019
HR034,28,0.5464602379386654,0.10999445624554324,20.128537926283485,0.53117573153468145,0.10670594470144525,20.088633265143482,0.49314941618199837,0.09685151709132775,19.639385937260116,0.42573320910079054,0.08784958161948475,20.634890523348094,0.4987956644592529,0.09897341728568826,19.84247745877781
HR035,128,0.5030366455830614,0.04572844899824078,9.09048066373727,0.5188665680550573,0.04799274741830539,9.249535501623,0.4908354246282885,0.0453165330132007,9.23253105611093,0.36975172420399804,0.035460582679967545,9.590376557758352,0.3798278138805786,0.03636019980946001,9.572811279400405
HR036,42,0.4630247949752475,0.07351987737993308,15.878172870604764,0.5521672528713326,0.08933915375549706,16.17972693797455,0.47344292494972195,0.07682245787882876,16.226339824802967,0.3968685295529405,0.06503226534962366,16.38634976244662,0.41116576004233424,0.06784307086108637,16.50017522229992
HR037,39,0.48775726529506797,0.0830916834742929,17.035457877603672,0.4948212384913144,0.08475454328828615,17.128315580531382,0.4287593444471932,0.07538981311033228,17.583246659622933,0.4162561633761758,0.07136612493442956,17.14476113833181,0.47496548593464183,0.08066469850423116,16.983275815399168
HR050,246,0.5880400192265447,0.03884447228867037,6.6057531832209175,0.5841202786067082,0.03865162647725932,6.61706636336173,0.5416457446379536,0.03704185850368274,6.838761103614361,0.4551447718747645,0.03079976633671778,6.767026282615963,0.5103899910190037,0.0341211241425848,6.685304324730447
HR061,37,0.4426546677481938,0.07543537664471364,17.041586171101986,0.4611445415149703,0.08127127370660381,17.623817781645684,0.3886992769417766,0.06891425059334061,17.729451707640635,0.3820548235190005,0.0664763668949683,17.399693133742698,0.37971059403786994,0.06562276753632643,17.282311467396568
HR062,77,0.4346956039903796,0.05170044752791718,11.893482946071241,0.47043800942326736,0.05682385898352156,12.078925989246633,0.39873045951633185,0.04860865572052723,12.190855892848145,0.3364586084646462,0.040797980017736366,12.125705507702373,0.35643807344254136,0.043309361010090794,12.15059900638599
HR063,52,0.4962955021748425,0.0702867499225611,14.16227824240878,0.4942588849126525,0.07173375186630299,14.513396532867603,0.4647988299663062,0.06797408393533123,14.624409433272186,0.37423558141048674,0.0557364368679678,14.893409295262154,0.3742238818136785,0.054819459526013845,14.648840490973203
HR064,70,0.4281881590449402,0.053945839300262165,12.598629401753335,0.4474452384460686,0.056270052425116325,12.57585232564692,0.390919151421503,0.049358084337480436,12.626161741628458,0.33602647037299155,0.04372328107763236,13.011856187728078,0.37409015762709225,0.047306149487817924,12.645654669956475
HR065,94,0.4964768541248253,0.05328751079610345,10.733130931156317,0.5209619797541585,0.05574229513313577,10.699877783680206,0.45863536902251356,0.05002264210748076,10.906843537621985,0.3822036246607633,0.0424083610459346,11.095750618162102,0.4369808983365126,0.047655684292446245,10.905667610154278
HU110,273,0.7011603330336,0.04398377245980324,6.272997827687368,0.611422084240657,0.03877855433867923,6.3423542162104685,0.6833895045404027,0.04372432630761168,6.398155958953076,0.6278837852308429,0.04107319542318972,6.5415282874503715,0.6927511715234473,0.044610721512621,6.43964576985361
HU120,222,0.5383885918130489,0.03856969674633038,7.1639141937322846,0.5107359456260906,0.036338698677553016,7.1149679181101835,0.519637994132284,0.038111895348485324,7.334316539368213,0.522677258841211,0.03857036427551839,7.379384433336527,0.567613701370165,0.041153600590920957,7.250283157644031
HU211,81,0.49873437359869316,0.0578050628148788,11.590350670593976,0.43283190987951875,0.05188425379564403,11.987160052521615,0.47003341452607994,0.05546020201855901,11.799204121366097,0.44377270646850586,0.054199070984855185,12.213250205530981,0.4966046292279846,0.06005167888133387,12.092452495799218
HU212,63,0.43416588210306745,0.05995301453176691,13.808780699524092,0.5012058252191061,0.0677884552181848,13.525073294698949,0.4079258019264158,0.057075370554754805,13.991605896272876,0.41165972521402616,0.05843480830490317,14.194929628960498,0.3893273423902582,0.05527521764470957,14.197620260973656
HU213,81,0.43429638807847454,0.050702097701054695,11.674538193924182,0.4082952421906277,0.04900746099467676,12.002946870440342,0.5051612107470019,0.05892456831214979,11.664507697456756,0.3193283217058597,0.03863676274128903,12.099384901060608,0.3894161740806821,0.04665206947482663,11.980003035303024
HU221,44,0.6198178884532772,0.09758943291766188,15.744855825505642,0.6311439846800057,0.09961431957776602,15.783136969652205,0.6284107314625537,0.09809775263039552,15.61045152779048,0.431072194338598,0.06925587299183672,16.06595690963025,0.44069210607004644,0.07087401917546668,16.082434470519313
HU222,69,0.5225184132850677,0.06580791313538081,12.59437207612401,0.46887277897979146,0.05868066577366116,12.515263927529118,0.48591274283275837,0.06178807380889514,12.715878461775878,0.5309551768276075,0.06715425413988654,12.647819829373363,0.5782639794503978,0.0721848337967094,12.483024425162428
HU223,40,0.45799457935936094,0.07690199628397015,16.791027612497082,0.43875018908742336,0.07435253385211192,16.94643915863858,0.4199028358435678,0.0692613150839491,16.494605220944965,0.4121668128981764,0.0713257701523293,17.30507355766898,0.43478865478799034,0.07435706435720328,17.101886983104684
HU231,69,0.5819344444810134,0.07478153406799765,12.850508296461134,0.4847865794154632,0.0632336176795839,13.043599052562167,0.5273637102556912,0.06820728167322039,12.933632016535652,0.519571867219844,0.06788918996869865,13.066371420755353,0.5394265662875303,0.06922431847510348,12.832945724479739
HU232,43,0.46067553521382376,0.07710434535866409,16.73723466189189,0.3708327784027679,0.06460093821588585,17.42050378991084,0.42906131679358256,0.07142265588243325,16.646258491952103,0.43694201214057105,0.07599958468272838,17.393517348081907,0.5024148474181709,0.08696641833032828,17.309683178599265
HU233,4,0.5637510674594959,0.3006782891883952,53.3352939877135,0.610866639526731,0.31423796152776756,51.44133615992247,0.44424358328326563,0.22693181107641083,51.0827437054304,0.267622331068092,0.13825348205006424,51.65991996941688,0.3104985084302083,0.15762279116696853,50.76442781122019
HU311,125,0.4310174532834564,0.0406718227211208,9.436235681707576,0.36263618424855393,0.035365412323959934,9.752312058225325,0.42425428139699595,0.04001831810183596,9.43262563433952,0.3867792035385555,0.03831924142062071,9.907265196796164,0.44079007801836584,0.04262369210294511,9.669839279179321
HU312,37,0.4440181362094047,0.07525937498426333,16.94961733472302,0.47698417938567406,0.08168214407958818,17.124707193599104,0.4265781109029864,0.07432384061658319,17.423266388247974,0.3599378700964349,0.06298520084403199,17.498909138723562,0.41402880357858907,0.07207638219308757,17.408542973364984
HU313,8,0.5707072925708822,0.21132415182696393,37.02846530574468,0.5742790260927915,0.21037935814289385,36.633648206560295,0.5488173291162308,0.20076046073406734,36.58056152442472,0.5431361549059018,0.19698870036316002,36.268751137969865,0.6445706803253324,0.23511263657396794,36.47585032184526
HU321,109,0.492144775499071,0.04947160777979214,10.052246867727954,0.4591274000327051,0.04767085642318806,10.382925614936577,0.5219808898168137,0.05251703793508543,10.061103569043684,0.450626414728677,0.045491530430196894,10.095176168842084,0.4723057884247682,0.04857103070295482,10.283810169879278
HU322,49,0.6270476263345763,0.09698919728128329,15.467596592022241,0.4747502789288397,0.07343695927673374,15.468544735229361,0.6206682407154939,0.09289081089430946,14.966258107105142,0.5831855583569522,0.08742095938012663,14.990247636862541,0.6677015767927078,0.09908831746733245,14.840210194395729
HU323,223,0.4345498259786844,0.031205373549249245,7.181080668705627,0.3967606351478033,0.029148583656833517,7.346642049298802,0.42818966586721263,0.030677132723381007,7.164379518886941,0.4099512573052477,0.03004932651231026,7.329975448748455,0.4734039037382159,0.03383309485279293,7.146771411395466
HU331,84,0.62499811455692,0.07184862291136411,11.495814345344028,0.4526421369921435,0.05310402282554161,11.732010452765987,0.5375590029857623,0.06314471317571914,11.746564158537883,0.5438510115882141,0.06538339839749757,12.022299674787348,0.5609950263837282,0.06738298846991572,12.011334379250778
HU332,22,0.5815645266160707,0.13254224392565722,22.790634204750447,0.5365765426181182,0.12009805138811619,22.38227761543986,0.5479845577286382,0.1260854253175109,23.008937667902018,0.498803622645608,0.11735376928725043,23.527048313085007,0.46744464992016843,0.1145868743110807,24.513463643374713
HU333,51,0.45790586977638936,0.0688043061189209,15.02586244472479,0.4318293587547902,0.06437367130541237,14.907201189617652,0.43941908996843476,0.06560849969548158,14.930734961968652,0.46058668399755515,0.07163333591810503,15.552628507706762,0.46977040043882734,0.07152027522583669,15.224517159665094
IE041,161,0.5384176908091866,0.04824170781714687,8.959903926010405,0.4752444977831504,0.04478248148206204,9.423040496198626,0.4599359418674041,0.04323885216237537,9.401059631656443,0.44284521245558656,0.04118392904155359,9.299847414672902,0.4944721477029231,0.04481770619350206,9.063747351939499
IE042,195,0.604168359321706,0.0487275972948719,8.06523488743732,0.5676522339767522,0.04640853847031575,8.175522915711168,0.5997393894481992,0.04991287907034131,8.322428032660076,0.524680210192561,0.04291758048992522,8.179759719577415,0.5664181608659277,0.04551210778696672,8.035072130700895
IE051,171,0.44587705035976755,0.03993206552825552,8.955846795890322,0.4035196557360297,0.03648271100857231,9.041123645396395,0.4206000737995058,0.039321397271857725,9.348880259731406,0.4422139652196554,0.04002412043572605,9.050849494507792,0.5164093300076051,0.04514813085538703,8.742702393607438
IE052,167,0.5223584869460594,0.04618645315266015,8.841907292956366,0.5130092075310816,0.04522618843304165,8.815862906379031,0.534921124183395,0.04821133518890468,9.012793290319877,0.4900069579096245,0.04695706561776924,9.582938539911481,0.5206921623235656,0.04716545773257538,9.058223100978056
IE053,236,0.5411742097830325,0.04106302204160786,7.587764032227412,0.4890847178930819,0.03757679653859656,7.683085396835312,0.5290857495375262,0.039908925209842544,7.542997566032904,0.4945108369347453,0.0387154565684838,7.829041079961734,0.5470322377443041,0.041948164397533856,7.668316691993833
IE061,441,0.5090703547739204,0.028000355953996546,5.500291991355809,0.4837220180202502,0.02710860570115309,5.604170306760407,0.5414495395168213,0.02971782770202458,5.4885682844137555,0.4513748518952471,0.025107488516349474,5.56244735632199,0.5107492945639961,0.027881952832305906,5.4590291419017
IE062,180,0.5509618102041605,0.04712579263345276,8.553368266303279,0.5435162759450775,0.04732238228922401,8.706709326586193,0.5445423225503083,0.04661569233016903,8.560526959933838,0.4764168998693756,0.04147929527669449,8.706512151031443,0.5276666872895281,0.04482760269802551,8.49543921908203
IE063,146,0.49259377575314106,0.04738341353587432,9.619166109727724,0.4878487561862942,0.04843411524713152,9.928100591207832,0.4139954726290888,0.043714587095804676,10.559194480604843,0.42737256860636247,0.043806408937557384,10.25016862462829,0.45885592723093366,0.046200056010400704,10.068532031220569
IS001,506,0.5329908012800668,0.024174750696886033,4.535678784479265,0.5315329258720507,0.024367527595583457,4.584387233510563,0.5238559530331726,0.023954748219235537,4.5727738857476785,0.45953502080985764,0.02151622273416287,4.682172578761014,0.493195784428127,0.022754207182664844,4.613625643424532
IS002,255,0.5028806179381585,0.03235358882994012,6.433651979388632,0.49991669892517754,0.032538291409287254,6.5087426523748215,0.485313231964665,0.03147947062804823,6.486423314817058,0.4149760313718092,0.027815789303316,6.702986968033747,0.4574083247576365,0.03006433873227099,6.572757229156456
ITC,745,0.5244722799466857,0.020299301778320265,3.870424149086346,0.5443943441167409,0.02118065107977631,3.8906816921731817,0.50102733046205306,0.019494758047185635,3.890957012106974,0.4430951932373024,0.017331920421733867,3.9115568587203446,0.49108978880832266,0.0189210195084508,3.8528635576733334
ITF,494,0.5251430017155461,0.025246543389204536,4.807555905101791,0.5237239310553815,0.0254372549248707,4.856996867340175,0.507707487619703,0.025071283137831375,4.938135392758075,0.444196308786007,0.021916873076011617,4.934051148671328,0.4820703010900735,0.023218893231683635,4.816495266184268
ITG,245,0.5161106205086795,0.03563975189386368,6.905448265865384,0.5156026352243825,0.03517924803160632,6.822937981357841,0.49572293324812566,0.034580389663251186,6.9757494245162475,0.42934522055438634,0.029721947366182867,6.922622156549174,0.4754646604425791,0.032935681801332016,6.927051480687195
ITH,408,0.5077513874231856,0.026384346808547406,5.19631210511245,0.5151122941472639,0.026665244992534858,5.176588735215007,0.48784214576001617,0.025827506402410612,5.294234339301205,0.42837951248952627,0.022683452221004815,5.295176720562568,0.46996920597220304,0.024220801086887556,5.153699599696778
ITI,495,0.5545977356010255,0.027557847538526647,4.968979454750533,0.5491326871156481,0.02708338670093853,4.932029605302795,0.5387260287992828,0.027191722107733008,5.047411978281086,0.4710096798781907,0.02361622891386939,5.01395829486495,0.5201309337182631,0.025606738040107657,4.923133076714476
LT011,412,0.5502739494939747,0.03219380971364593,5.850505869531162,0.5510065231315041,0.031853113603621995,5.780895917999846,0.5256936176027189,0.030203194590524094,5.745398760642645,0.46578570512809647,0.027456509237579682,5.894665494302541,0.5065169981927635,0.02944580391339326,5.813389090288173
LT021,54,0.6387014011929527,0.09938497808000042,15.560475974277072,0.6279928917482229,0.09538443404773261,15.188776067544163,0.6333547698256793,0.10058747405011303,15.881695195537583,0.6073774971139259,0.0961574187113637,15.831574131125151,0.700524129212084,0.10653483609985859,15.207875311830284
LT022,184,0.5067894466302245,0.04200843436807302,8.289129666649155,0.5060078450323421,0.04325809927807664,8.54889893561072,0.5169497199565909,0.04340640025709058,8.396638702258217,0.4887966662812554,0.04129775895428074,8.448862646399038,0.5239164220386139,0.044200508853722974,8.436557243564565
LT023,87,0.5860730255035228,0.07247168873719284,12.365641410458878,0.5476609230239656,0.06890915649349962,12.58244902941234,0.5538602063973671,0.06758864589633427,12.203195881496997,0.45713258815213254,0.060294573064037,13.189734144259067,0.5065676047155756,0.06431857582503565,12.696938222322535
LT024,81,0.4467032172783834,0.05750965417319542,12.874242214681804,0.4402043700583742,0.057403797987543505,13.040260817931307,0.43436424951199776,0.0571227254727481,13.150880979943606,0.39769565858493816,0.05177256791102821,13.01813756158237,0.41757962681507915,0.05472884854181659,13.106206583697318
LT025,87,0.5842467142665302,0.07278511717799088,12.45794206465776,0.5766393822121149,0.07151514506107952,12.402057033762032,0.5370002674684614,0.06626207008537453,12.339299270324139,0.46395027726152416,0.060099997658289765,12.953973863973358,0.5196469293219285,0.06615557829139743,12.730870627431944
LT026,78,0.589511193144176,0.08216008443682844,13.936984639532476,0.5610595114946404,0.07538487234445305,13.436163330273242,0.5664651976254752,0.0784385026581136,13.847011782350325,0.4681306355805739,0.0691583185408719,14.773294735368475,0.50858537149271,0.07288802700329415,14.331522511032137
LT027,27,0.4034829826994033,0.08488149531623765,21.037193377613836,0.38550269498312073,0.08348853475774656,21.657056058039263,0.33920785554999255,0.07195473923010355,21.212580443762405,0.36092684846561796,0.08255796541096003,22.873877563260447,0.3909447049218961,0.08863195530804915,22.671225416841562
LT028,32,0.39515198308804006,0.07925124255225402,20.055888858995502,0.38927837758134315,0.08048438212844788,20.675276810521016,0.4068022584213753,0.08172255805349637,20.089012870928126,0.332281861063039,0.06931746231705613,20.86104312022784,0.37702330711037463,0.07968680683241094,21.135777372267974
LT029,51,0.5848528247258256,0.09933678708617699,16.98492045973195,0.581102742515939,0.0974785621805001,16.774755142000792,0.6288852147344678,0.1046723830408806,16.644115744568122,0.6170490008265168,0.10396786921322412,16.849207935506353,0.6103770663172774,0.10469896034199208,17.15316090981193
LV003,68,0.5123568804409118,0.07130034769835267,13.916149157008437,0.4892585451883668,0.0672984218621043,13.755185785502038,0.5323843475538055,0.07378687041242314,13.859699435465814,0.4331997046901091,0.061077061665777026,14.099054317100402,0.4837562991771987,0.06777338397640364,14.009819425954065
LV005,119,0.5284264165217648,0.05506231610784049,10.42005365104085,0.5072419535666782,0.05361248806174617,10.569411241473478,0.4728567281644915,0.051614880555945396,10.91554322517544,0.44453969902973334,0.04801366979639275,10.800760854697327,0.44672114732030677,0.04762225111027999,10.660397743860113
LV006,251,0.5138529017120895,0.03587902399257995,6.982353096194615,0.5152432174194109,0.03657141305047635,7.097893152993611,0.5079630781452208,0.03615329456784294,7.117307560985196,0.42279250168150606,0.030814575134372864,7.288344758201459,0.4544749890897062,0.03252143156038355,7.1558242678046105
LV007,172,0.5116982387930787,0.045346523742123085,8.861965960461392,0.4835536138506487,0.04432736225046623,9.167000510548819,0.4762343029429505,0.0428015657161222,8.987501625066587,0.42866788709017156,0.038752715348440527,9.040265556511999,0.4731707736743437,0.042084032366926157,8.89404728870473
LV008,162,0.557546155408952,0.050889483184847206,9.127402761394796,0.4985908333540538,0.04701873137414623,9.430324071112196,0.5516072759979406,0.050012364368658656,9.06666147181956,0.47939831067261324,0.045066259229187965,9.400587825592952,0.5293204816500071,0.048463026187376294,9.155705828028134
LV009,113,0.45166736766928467,0.050952006671105714,11.280869577545678,0.48286943616832,0.05479723593386744,11.348251065276797,0.47602881434367217,0.052205180323790665,10.966810989324019,0.42743223608541425,0.04740603976562292,11.09089014899422,0.4732308143156044,0.0522224042028759,11.035292424564735
ME0,1363,0.5340684696885517,0.01680641952874945,3.1468660822741157,0.5338980985302486,0.016832704553509607,3.1527935012032886,0.5184712953232153,0.01628660604234445,3.1412743944081547,0.4708144417873624,0.014844580815810565,3.152957831848951,0.5158818417166754,0.016114894291008694,3.123756834972894
NL11,43,0.534807263511942,0.0833881872408229,15.592194222126697,0.518921017398294,0.08181199698557053,15.765789829779884,0.5201135502859409,0.08111643500721483,15.595908809262852,0.459457075818633,0.07318586231914871,15.928770318478726,0.47789134229339236,0.07569598443177339,15.839580618579458
NL12,68,0.5207336579828322,0.06429020625566705,12.346082353252955,0.4771958049385536,0.0600880153379653,12.59189932436698,0.4740405920155297,0.059409611461140314,12.532600047717862,0.44130736126874565,0.05632226554730602,12.762593713683172,0.47478456026447713,0.05949059399676574,12.530018660174354
NL13,51,0.49788759879052613,0.07167099581741171,14.395015258768376,0.5002237038379217,0.07417195885611783,14.827757718604715,0.49140571207247524,0.07160847466497283,14.57216977860681,0.44124769611272563,0.06544326455128023,14.831412181370672,0.46787636694611573,0.06835419526160898,14.609456704933587
NL21,122,0.5098493512861991,0.047305216865751114,9.278273424574149,0.5033554322049612,0.04747256342948913,9.431221040276524,0.4850591296729857,0.04504653138317686,9.286812396160043,0.4430794006476823,0.042234322369745766,9.531998623273548,0.4693963037893709,0.04439331951322636,9.457534956037208
NL22,209,0.5343041424932149,0.037661314754585645,7.048666061027948,0.5228867131902889,0.037235272342404924,7.121097439103271,0.5056059872960208,0.03576782795427527,7.074249287584884,0.4604104766404967,0.03318847299712324,7.208453039403329,0.4966298893107639,0.03538357022205851,7.124736344637807
NL23,34,0.497733439413459,0.0868523487329868,17.449570765294713,0.5161610432403206,0.09068151188148309,17.568453309108502,0.4940391898065029,0.08643603903371094,17.495785924911093,0.42487189464516706,0.07728030420551102,18.18908362250035,0.47255004381356724,0.08362017974253705,17.695518355623577
NL31,115,0.5544913839175049,0.052540317009848396,9.475407289225823,0.5356815556236139,0.05189019494500683,9.686761547090947,0.5366240163466736,0.05122932346306141,9.546595363329002,0.4699550740819572,0.045968480458859255,9.781462738466496,0.49631716392718833,0.0477631823987798,9.62352017424625
NL32,238,0.5359609255300132,0.03546564510166755,6.617207227671584,0.5363727870235273,0.036107065651947955,6.731710952808679,0.5171318291129027,0.03440618471830655,6.653271522143115,0.4542959396971786,0.031117027628503977,6.849505995859384,0.49228480195901214,0.03317358805276733,6.738698395878851
NL33,259,0.514191625755822,0.03279466430190737,6.377907118518654,0.5168762232359002,0.033371011984770896,6.456286918336443,0.48531413753464775,0.03117135645840011,6.422923638027073,0.4543575773621629,0.02960068237904901,6.514842902125668,0.4901026351601895,0.03148623435796787,6.424416458743715
NL34,42,0.527350493492928,0.08271834916721324,15.685649333392071,0.48306787536997625,0.07849253782516279,16.248759610654346,0.4684042243326686,0.07507572382853166,16.027977530623552,0.43645988316949846,0.07108992999285099,16.287849750728025,0.49154115231091966,0.07778394703847823,15.824503538063224
NL41,205,0.5306858907228293,0.037785367056916284,7.120100179307596,0.5243803794418676,0.03789599548544015,7.226814154598107,0.5096470163160689,0.03642662658519258,7.14742271003541,0.4620091390278257,0.033671104875431866,7.287973771749121,0.49620810299298507,0.03582954453838927,7.220668973818792
NL42,101,0.5208775373006211,0.05301779726276498,10.178553204179757,0.5093554459417655,0.05229158761278775,10.266227254349655,0.4907484794180303,0.04996186310356783,10.180747409103883,0.4520480040761981,0.04689586779005144,10.374090222096541,0.4912813211487367,0.050549854576091666,10.289390701420047
NO02,84,0.5299196815222665,0.059035510368331684,11.140463814958549,0.5245290821103565,0.05896297641475103,11.241126264634019,0.5018066432515209,0.056729204489722865,11.304992720331214,0.44773320912314135,0.05119160759961163,11.433506953810133,0.48842842019460603,0.05530340986958399,11.322725620173635
NO06,127,0.5272106605999773,0.047695513303862194,9.046765717822105,0.5281000926194214,0.048350227886628946,9.15550452695581,0.5031193063176697,0.045807868955045954,9.104772641366868,0.43406885338550133,0.04072784152046327,9.38280671437451,0.4891776001887801,0.04481469290083145,9.161231602497102
NO07,100,0.5308085920088209,0.05447064790918499,10.261824832760016,0.521018497450263,0.05331204040625291,10.232274030029451,0.5249189548632268,0.05372291982331134,10.234517028882946,0.4497513801632231,0.047224808217866024,10.500203067909935,0.4900493010580413,0.05071005644560525,10.347949958528595
NO08,430,0.5321428393377221,0.02619823308899391,4.923158060643812,0.5431951676202026,0.02702203875280412,4.974646381923946,0.5268623529385584,0.026203800349023972,4.9735571734957125,0.4561831934793263,0.023121968447102566,5.068570867495238,0.4944560226410918,0.024630041327992475,4.981240029483987
NO09,204,0.5280159834159299,0.03773356618277198,7.146292416880951,0.5309427120032523,0.03831044280979823,7.215551121372876,0.4964811886377418,0.035998493412062994,7.25072656042349,0.4408032002191175,0.032597780398391195,7.395087055218125,0.48122842678486805,0.03494486555233707,7.261596283039008
NO0A,317,0.526150754009211,0.03025335829907076,5.749941070794538,0.540980709212255,0.031251911845660514,5.776899492621049,0.5028392219437896,0.029039595340100782,5.7751253428172324,0.4409705170258588,0.026051193822002185,5.907695144270727,0.4838481131343412,0.02810957554026923,5.809586681691691
PL21,101,0.5459998922841521,0.056586789433581294,10.363882893246451,0.4917619852540763,0.05123796699145766,10.419261457346034,0.5137936625677051,0.0534074087343764,10.394719247308476,0.49426095961919597,0.05268844981890447,10.660046842360027,0.5395276120871157,0.05616143411217883,10.40937161583319
PL22,115,0.5067513331390286,0.048247101940840115,9.520863347704976,0.4580209707259841,0.04482028162352127,9.785639629661297,0.5058134036554393,0.048591695685181395,9.606644532156787,0.43481569481164367,0.04265841679581674,9.81068928854921,0.4930781907678093,0.047456781738202614,9.624595576678026
PL41,89,0.5170942155543138,0.057053730479812916,11.033527114329166,0.46601048610276813,0.0518238764188203,11.120753280086431,0.48800470294837095,0.054518785238594006,11.171774556517315,0.4629939082151061,0.05202135605731517,11.235861883769353,0.5076387474640401,0.05615876819871802,11.062742645092545
PL42,34,0.5097805498006566,0.08990091894335316,17.63521950347219,0.4742823209085168,0.08492046522824183,17.905045472825442,0.5264696388197353,0.09300003537658695,17.664843044905467,0.4515733688243748,0.08152161446533486,18.052794981592484,0.5447969088146741,0.09640508511201158,17.69560060863086
PL43,30,0.5791749528007801,0.10834713622131904,18.707151560572992,0.51077558450409,0.09755290607262315,19.09897595581764,0.5872265711798316,0.10919547482876493,18.595118168677867,0.4452703237175111,0.08502117371304323,19.094282548006156,0.5118149366248502,0.09616453914049013,18.788927844631612
PL51,70,0.49841858554834767,0.061872894915802994,12.413841840936163,0.4253354327936021,0.05367508483718968,12.619471762475055,0.4956262243784868,0.06160045208539148,12.428812087705445,0.4367558660295672,0.05613167582413601,12.851956937502482,0.48004826054382965,0.06044804378368799,12.592076412319157
PL52,28,0.4932867380239167,0.09667832273376391,19.598808417402967,0.44099161872010767,0.08614179349146263,19.53365774648335,0.451203052098301,0.08782388276230259,19.464381358654663,0.382756561836533,0.07769155052869689,20.297901662591812,0.46807841601817224,0.09185516862820325,19.623884692140376
PL61,38,0.47542157156383535,0.07981141436830301,16.78750379495278,0.4624031305818996,0.07943687774458187,17.179139259852445,0.48778607959366077,0.08281373565656533,16.97747006752457,0.41932944780722237,0.07241501224552847,17.269240837771953,0.4760108538598399,0.08106189212844235,17.029420961966302
PL62,24,0.5171866091734174,0.10953802110316532,21.179593431127724,0.41369162638401985,0.08825436066297675,21.33336887535944,0.501583899510367,0.10639315718398686,21.211437864701214,0.4573420540352886,0.09967243274046755,21.79384814080028,0.5117442810083355,0.1093778451075302,21.373535409523924
PL63,76,0.5406481214707234,0.06367239555289092,11.777049253344874,0.4853547726124937,0.057836479890013476,11.916330724162881,0.5258951079691642,0.06195179795547777,11.780257510802004,0.4514604455059619,0.05582123914832676,12.364591339949316,0.49986961017446285,0.06069967027533556,12.143100728638085
PL71,105,0.5124017898242854,0.05150696154414036,10.052065111209567,0.45752577080956564,0.046305372441978916,10.120822781205137,0.4813597813256171,0.04876554119930974,10.130788464506585,0.46225659246604384,0.047879895867175434,10.357861120324113,0.5209836033361769,0.05315666508842447,10.203135904475651
PL72,47,0.5367860587751115,0.08049324358914475,14.995405017190972,0.49551269632680367,0.075362676935495,15.209030463629398,0.5794965542884803,0.08691680832141267,14.99867560526416,0.44927433551310764,0.0688117706274828,15.316203305691651,0.5090315905499493,0.0777239657382286,15.268986676103328
PL81,41,0.5363291599310225,0.08546256798882963,15.934723370219327,0.522633459009427,0.083808909910868,16.035886808646957,0.5103984867410859,0.08309578979192613,16.28057134779062,0.4203360439698781,0.06976021804806433,16.596296950699628,0.5073078054609097,0.08285200471403499,16.331703124252265
PL82,74,0.5571053314161821,0.06717545345736965,12.057944821064124,0.46877643191427626,0.05723499507190893,12.209443814866383,0.5283931062893835,0.0632902457907917,11.977871216989293,0.5373610131000233,0.06616338288060288,12.312650391011408,0.5867264980085396,0.07048429203426175,12.013142797112238
PL84,25,0.4318219740338074,0.08918588467729033,20.65339191615755,0.3966281177391762,0.08450265654302534,21.30526121665296,0.4777187602979325,0.09970024422050375,20.87007095101834,0.40003036011703197,0.08293325000993255,20.731738957430576,0.46965393593188925,0.09590113256178535,20.41953132395195
PL91,97,0.5174708222089694,0.05428754314863943,10.490938004368596,0.45682951290620466,0.04855246947658196,10.62813765417793,0.5015552275074283,0.05242274984014384,10.452039369755632,0.4421847006711773,0.04762884718380523,10.771256244621535,0.5005026673616283,0.05292462210116971,10.574293715587746
PL92,65,0.5094356579051444,0.06588049077392845,12.932053293017667,0.4730428564821682,0.06177830515515025,13.059769174947693,0.48483303352127993,0.06307649877404409,13.009942477707757,0.4687632058855966,0.06184556083827986,13.193347955166407,0.5288923368009727,0.06876286998207505,13.001298222241248
PT11,400,0.5870954185250901,0.03280941374614717,5.588429531365016,0.5964717688495728,0.0339101597837828,5.685124016713484,0.5677496318679073,0.031668995908829545,5.577986163485115,0.4574117571593357,0.026929072601666847,5.887271627844564,0.5076054087164528,0.029155647507403338,5.743762183528982
PT15,45,0.49714105230063016,0.08244021326719017,16.582861722177206,0.49844542511831735,0.08145031011687189,16.34086822996476,0.4801624099083467,0.08040114538145568,16.74457302828071,0.46710967692935285,0.07492112321936636,16.039300172900866,0.48704568031626294,0.07820113352058938,16.05622155807018
PT16,304,0.4878285914275487,0.03189569577478784,6.538299791213636,0.5125238388740111,0.03348641064533068,6.533629873470593,0.4440348466221976,0.02889764148597571,6.507967044884422,0.388379477671273,0.025692589461862717,6.615331380513647,0.4347188680665641,0.028259568337925714,6.5006537359677274
PT17,293,0.5233489033452015,0.034897608354764534,6.668134418874675,0.5256639371647603,0.03521577984295745,6.699295377365724,0.49764490860202754,0.032566990817623175,6.544222648456227,0.4710793423679268,0.03231498131080542,6.859774650353161,0.5039452439619102,0.03333868359621706,6.6155369051834745
PT18,62,0.46758591399586247,0.06821171110191401,14.588059447513126,0.4466364162927257,0.06417859662498013,14.369315685830115,0.39676023012839956,0.05934433152246766,14.957227820757803,0.33839810354438815,0.05079624304420968,15.010794242688972,0.3925557688679597,0.056593494260930265,14.416676240456955
RS11,232,0.5141355084852299,0.040276574230330375,7.833844106390376,0.5491173419838825,0.04247368866881718,7.734902073091666,0.49374645378015874,0.039117079806094524,7.922503444148574,0.375742281141041,0.03075594952742692,8.185384257004117,0.4064194795934534,0.03321489248321717,8.172564099644646
RS12,269,0.5058956085612614,0.035943504394827436,7.10492516372078,0.5403619806824624,0.03870447333131876,7.162693659986231,0.49879270473194326,0.03637627439517676,7.292864159816807,0.43483103571222714,0.03172811313060745,7.296653303193666,0.4773497484134909,0.03457501978550638,7.243120982135038
RS21,330,0.589779456536552,0.039039696494069444,6.619372048549801,0.6196018240165326,0.04093075556373397,6.605977254618577,0.5753436611527334,0.0389495534945454,6.76978927976851,0.5043172964102723,0.03425299346338957,6.791952944545465,0.5561568015349446,0.036990113515484986,6.651022411916114
RS22,262,0.5337756071247243,0.03910678035544632,7.326445763623751,0.5543738597259418,0.04062453920785713,7.328004106820644,0.5030654852078194,0.0376609030677432,7.486282437401814,0.4401097072870933,0.03356693863104329,7.626948025744598,0.49417819933615176,0.0371330717334106,7.514105596582945
SE11,219,0.5255684130811027,0.03630751509638457,6.908237670436599,0.5305403185080578,0.037101062958231346,6.993071339528714,0.5102234650931842,0.035825585511290496,7.021548000491809,0.4404925013248654,0.031204000800295145,7.083889216375568,0.4890105909863846,0.03412169483440303,6.977700578135958
SE12,169,0.5185078564519412,0.04075148285704271,7.859376159871135,0.5102466757756874,0.040630828192381695,7.96297754034632,0.5023155391008302,0.040166522141992976,7.996273062524216,0.4461542851972139,0.03598064050900085,8.06461838489264,0.49261153873584496,0.03881460836460362,7.879354280699732
SE21,95,0.5476070760106116,0.05714432210704511,10.435278251579378,0.5173395290276305,0.054860963490968466,10.60444068406735,0.5271283510153365,0.05562475843823096,10.552412582455196,0.47256038290731317,0.050429300991309545,10.671504174991457,0.5285114866561318,0.05561131436996331,10.522252736986584
SE22,167,0.517695727003886,0.041049455901331,7.929263032341558,0.517854115472823,0.04138036706934303,7.990738285735354,0.5088426634391934,0.04083340953745745,8.024761379376168,0.44139957434982713,0.03570574602495371,8.08921170292191,0.49032786520120253,0.03897715679994212,7.9492028836558415
SE23,232,0.5192716013308143,0.034938410422944745,6.728349929671275,0.517279527221471,0.03524291198259957,6.813127163934805,0.4974098434294472,0.03375559206057277,6.786273433561568,0.44513116423501836,0.03073737155571944,6.905239180128682,0.49045501420993476,0.033126497334339526,6.75423767207323
SE31,91,0.5181631101007903,0.055313448923912406,10.674910630583705,0.5125239762308463,0.05536043233308189,10.801530250391048,0.49486828561136686,0.053725513962279633,10.856527994293756,0.43624621495549903,0.04775232011173823,10.946185542632017,0.48778524840532056,0.05255268046221475,10.773733038057475
SE32,45,0.5286945142432244,0.0800623533936308,15.14340535729454,0.5426015775630539,0.08345161054126794,15.379905623582584,0.5172787641165498,0.07884812594511913,15.242869302740909,0.47377493767517065,0.07272069016930578,15.349205790865303,0.4930280113811528,0.07484611881641054,15.180905970583503
SE33,99,0.5265928442813372,0.05399948064093803,10.25450330883879,0.4981256116588762,0.05185349261874015,10.409722247779179,0.5151574948064315,0.05321489562767871,10.329830423543388,0.44069725020116723,0.046486735557886814,10.548451467910631,0.48499610303815943,0.05007718815468068,10.325276397270477
SI031,61,0.5131368874592378,0.06736458899614776,13.127995792642956,0.4661858306633526,0.06273690868294805,13.45748938651298,0.5038369172564231,0.06683562157257822,13.265328379770722,0.4841043101264704,0.06598064403813299,13.629427100307328,0.5232040494833262,0.06983511432851924,13.347586739338643
SI032,143,0.5134774316592499,0.044481513740715156,8.662798206530264,0.49934268185801933,0.043499527230804184,8.711357713093037,0.5078493692206363,0.04405158051255224,8.674143000345822,0.4651291934798941,0.04111285800887313,8.839019047865953,0.5082495492297282,0.04423892366227463,8.70417371335015
SI033,28,0.5060884659894561,0.10071144359955331,19.899968161228855,0.4907662451483662,0.09525003626914867,19.40843267253499,0.5319024057758818,0.10897409527430878,20.487610902106965,0.4408558338894308,0.08825931399517804,20.019994567501627,0.4938679076213575,0.09697323998595503,19.63546091767988
SI034,140,0.49780056577086285,0.043493756232247716,8.737184973845098,0.49358175785651687,0.04293355725395869,8.698367913839997,0.45771211470981754,0.0402784936733027,8.799962329779854,0.43985229197679787,0.03897667015046796,8.861308866960268,0.47752302894897186,0.04197483535419377,8.790117504192494
SI035,22,0.5170485230341216,0.11380465140621467,22.010439317840262,0.5133355907895786,0.11319763598461931,22.05139055534923,0.4878110491734807,0.1054764921712182,21.62240735422692,0.4215611014928298,0.09424255664020924,22.355610208455673,0.451154515802839,0.10080893873575646,22.344659136651845
SI036,41,0.5110776931351672,0.08256072263464129,16.15424107598569,0.4318152668818538,0.07221054926571693,16.72255587143796,0.4086648076235136,0.06761321608822955,16.544907911551533,0.3924765343593069,0.06687244237987562,17.038583590491758,0.4559264192625199,0.07518653830614606,16.49093694279955
SI037,84,0.5089044618747589,0.057962288340807765,11.389620780151903,0.4503098785526481,0.05199097759097406,11.545600056139014,0.4961839126885955,0.05693097764813553,11.47376531005457,0.46998571257464533,0.05414272198569653,11.520078278357733,0.5097910369299513,0.05768889291658804,11.316184227953556
SI038,18,0.4765726572657266,0.11837930763075218,24.83971873458666,0.47957444736585847,0.11686775825842546,24.3690544607497,0.41406510769472427,0.10456071777489352,25.25224073021446,0.3836038248093584,0.09566939643826913,24.939635699882412,0.4228346017674445,0.10671704306438506,25.23848394107504
SI041,234,0.5282305153592283,0.0355976160455313,6.739030595633575,0.5140312141845884,0.03489299779537494,6.788108743692923,0.5362998657308606,0.03646393383033104,6.7991689277487675,0.43942042805679166,0.03045341034604034,6.930358354233015,0.4969252356556864,0.03402953706897097,6.848019506207899
SI042,97,0.5346664563363553,0.0558452217921622,10.444871027598245,0.5116668323138502,0.05388059296400729,10.5304056392222,0.5151997639013123,0.05504961932358344,10.685101815017198,0.4600483050627706,0.04953285259745017,10.766880793244468,0.5091595398976918,0.0541226145203642,10.62979484411494
SI043,79,0.5316421515569278,0.06131601702985792,11.533324972501216,0.49610046705643507,0.058522583041236385,11.796518432742982,0.5169529437817211,0.060003816306733924,11.60721048762806,0.46803376740335756,0.055661332699600934,11.892589077153332,0.526795913203748,0.06137176249612704,11.650007328813576
SI044,58,0.4892315093578324,0.06685565804343559,13.665444020805332,0.4862076520898184,0.06720845209156309,13.822993489034495,0.48008817202990667,0.06684696073570151,13.923892449393097,0.42993017953832996,0.061536905669973496,14.313232380209596,0.4925508935755422,0.06840266649716462,13.887431205456487
SK010,86,0.5669609355605049,0.06843444153843983,12.07039801971271,0.5662133082679413,0.07002459937120364,12.36717653023918,0.6300827491540538,0.07702315535590817,12.22429204089766,0.6933181554280033,0.08501582368214783,12.262166080111568,0.7212021029204067,0.08586240900178894,11.905457382071015
SK021,154,0.48956038927437545,0.04443827101170958,9.07717862500596,0.5178147081018303,0.04724525754237939,9.123969791350234,0.496097556690446,0.04426827160659215,8.92329966346006,0.45467978985152196,0.0405736111313192,8.923557201556886,0.4973639252914393,0.04494830627747266,9.037307289855088
SK022,163,0.5334810335039344,0.047884204402426925,8.975802586255165,0.541498829780867,0.04856780830653019,8.969143723945727,0.5111551460813385,0.048874296640620436,9.561538608249329,0.48841651489426924,0.04757532114932259,9.740727370699481,0.5143233773675044,0.049896960169016916,9.701476223851198
SK023,172,0.6085616190763822,0.05358837582584049,8.80574360032299,0.5527348163418462,0.0490462482862868,8.873377763841368,0.5654979508959335,0.0500511126878556,8.850803545540403,0.5144687618258489,0.04580505786814902,8.9033700910405,0.5518229292740265,0.04831251613186764,8.755075871063779
SK031,187,0.6243143418290455,0.05308415791717743,8.502793282252249,0.5679301399042496,0.04820636438029255,8.488079957936362,0.5440716111222718,0.04690273611480794,8.620691680284578,0.5190302740067224,0.045415693933312185,8.750104995363712,0.5585800854381543,0.04859664734664738,8.700032209083826
SK032,149,0.4696323690172588,0.04880273103383421,10.39168810615793,0.4856406534910284,0.04957371443778256,10.207900446847242,0.4680876096361827,0.04858452633547938,10.379366027919712,0.3760398919258646,0.039775724722504346,10.577527963534793,0.42556026376801265,0.044802346276398335,10.5278500111142
SK041,139,0.49984342451879504,0.05141276616377674,10.285774232855497,0.5000767874590949,0.051392785127528796,10.276978739336627,0.5037185226585397,0.0532121842058857,10.563872840141148,0.3950003661491274,0.04132951322628009,10.463158206460156,0.4628815747050793,0.04910164118409829,10.607819335946337
SK042,131,0.4227956556697494,0.04593499261994109,10.86458481868164,0.44241719831920573,0.04637105606225903,10.481295989041126,0.41367992961865113,0.042891518885387635,10.368286159042567,0.35548292809673915,0.03929456092636177,11.053853172850081,0.3985796686598096,0.0427348136747406,10.721774599901897
