region,pop_size
AL,2291065
AL0,2291065
AL01,629885
AL011,83954
AL012,237327
AL013,55497
AL014,93792
AL015,159315
AL02,969068
AL021,208448
AL022,760620
AL03,692112
AL031,94185
AL032,229197
AL033,46228
AL034,164046
AL035,158456
AT,7789728
AT1,3423938
AT11,261372
AT111,33088
AT112,142139
AT113,86145
AT12,1468101
AT121,211169
AT122,228111
AT123,136913
AT124,187904
AT125,110287
AT126,291417
AT127,302300
AT13,1694465
AT130,1694465
AT2,1588087
AT21,493928
AT211,257491
AT212,107817
AT213,128620
AT22,1094159
AT221,396664
AT222,69291
AT223,139263
AT224,229931
AT225,172829
AT226,86181
AT3,2777703
AT31,1291498
AT311,251498
AT312,517887
AT313,179540
AT314,134601
AT315,207972
AT32,485158
AT321,17617
AT322,146162
AT323,321379
AT33,659177
AT331,28869
AT332,272000
AT333,41827
AT334,90707
AT335,225774
AT34,341870
AT341,79316
AT342,262554
BE,9804276
BE1,1020305
BE10,1020305
BE100,1020305
BE2,5698334
BE21,1594362
BE211,891751
BE212,299187
BE213,403424
BE22,762917
BE223,178069
BE224,365302
BE225,219546
BE23,1313429
BE231,253591
BE232,173888
BE233,75673
BE234,484879
BE235,107026
BE236,218372
BE24,986980
BE241,544222
BE242,442758
BE25,1040646
BE251,248147
BE252,43832
BE253,90835
BE254,250846
BE255,138654
BE256,132743
BE257,80070
BE258,55519
BE3,3085637
BE31,345951
BE310,345951
BE32,1133777
BE323,218009
BE328,190243
BE329,118886
BE32A,109448
BE32B,329591
BE32C,89584
BE32D,78016
BE33,934695
BE331,96736
BE332,525476
BE334,70280
BE335,175577
BE336,66626
BE34,246520
BE341,54666
BE342,42321
BE343,49366
BE344,54387
BE345,45780
BE35,424694
BE351,95771
BE352,271260
BE353,57663
BG,5534291
BG3,2690429
BG31,582645
BG311,64356
BG312,101167
BG313,127888
BG314,191209
BG315,98025
BG32,600174
BG321,178388
BG322,84667
BG323,166138
BG324,87791
BG325,83190
BG33,707997
BG331,366848
BG332,128185
BG333,129680
BG334,83284
BG34,799613
BG341,321311
BG342,138414
BG343,91089
BG344,248799
BG4,2843862
BG41,1725455
BG411,1091763
BG412,195071
BG413,246176
BG414,97068
BG415,95377
BG42,1118407
BG421,538380
BG422,178107
BG423,194098
BG424,83234
BG425,124588
CH,7488624
CH0,7488624
CH01,1435874
CH011,696990
CH012,305749
CH013,433135
CH02,1632367
CH021,899085
CH022,279393
CH023,241081
CH024,150063
CH025,62745
CH03,1022689
CH031,170047
CH032,251814
CH033,600828
CH04,1339323
CH040,1339323
CH05,1034689
CH051,35451
CH052,73009
CH053,46944
CH054,13822
CH055,444637
CH056,176156
CH057,244670
CH06,714778
CH061,359394
CH062,31863
CH063,140999
CH064,32915
CH065,38504
CH066,111103
CH07,308904
CH070,308904
CY,802574
CY0,802574
CY00,802574
CY000,802574
CZ,9076721
CZ0,9076721
CZ01,1138314
CZ010,1138314
CZ02,1180377
CZ020,1180377
CZ03,1058210
CZ031,547882
CZ032,510328
CZ04,932482
CZ041,249258
CZ042,683224
CZ05,1287023
CZ051,375940
CZ052,467859
CZ053,443224
CZ06,1449767
CZ063,432971
CZ064,1016796
CZ07,1023257
CZ071,532005
CZ072,491252
CZ08,1007291
CZ080,1007291
DE,71499533
DE1,9554039
DE11,3540058
DE111,530315
DE112,331368
DE113,456873
DE114,219886
DE115,451905
DE116,374544
DE117,110664
DE118,297962
DE119,97559
DE11A,168553
DE11B,114591
DE11C,115262
DE11D,270576
DE12,2438380
DE121,49127
DE122,269016
DE123,388965
DE124,198357
DE125,135196
DE126,273538
DE127,124925
DE128,476398
DE129,113131
DE12A,136509
DE12B,169216
DE12C,104002
DE13,1965719
DE131,203040
DE132,229669
DE133,143093
DE134,376095
DE135,118753
DE136,181113
DE137,120805
DE138,249140
DE139,199578
DE13A,144433
DE14,1609882
DE141,248361
DE142,197760
DE143,165321
DE144,110274
DE145,169099
DE146,172550
DE147,188735
DE148,244422
DE149,113360
DE2,11253690
DE21,4025313
DE211,117670
DE212,1288517
DE213,54720
DE214,95907
DE215,90052
DE216,110120
DE217,128209
DE218,119663
DE219,112211
DE21A,117759
DE21B,154803
DE21C,183063
DE21D,77722
DE21E,101789
DE21F,82822
DE21G,102579
DE21H,297095
DE21I,82743
DE21J,108684
DE21K,217767
DE21L,118093
DE21M,146919
DE21N,116406
DE22,1070860
DE221,59165
DE222,46276
DE223,41223
DE224,104093
DE225,68187
DE226,105782
DE227,135689
DE228,167057
DE229,67251
DE22A,103070
DE22B,87663
DE22C,85404
DE23,955677
DE231,36678
DE232,129619
DE233,36970
DE234,89386
DE235,110179
DE236,116739
DE237,82566
DE238,163036
DE239,127452
DE23A,63052
DE24,913803
DE241,65002
DE242,64485
DE243,35706
DE244,39887
DE245,125618
DE246,89117
DE247,73055
DE248,98735
DE249,81285
DE24A,57449
DE24B,62838
DE24C,58540
DE24D,62086
DE25,1530753
DE251,34047
DE252,98715
DE253,112965
DE254,453317
DE255,34969
DE256,158867
DE257,116562
DE258,100571
DE259,144806
DE25A,86080
DE25B,109032
DE25C,80822
DE26,1131344
DE261,62310
DE262,46168
DE263,116774
DE264,146749
DE265,89419
DE266,68155
DE267,71511
DE268,77531
DE269,108873
DE26A,108570
DE26B,98486
DE26C,136798
DE27,1625940
DE271,257194
DE272,38965
DE273,56458
DE274,37391
DE275,114166
DE276,219246
DE277,82961
DE278,109364
DE279,153956
DE27A,70332
DE27B,118986
DE27C,121882
DE27D,114236
DE27E,130803
DE3,3117845
DE30,3117845
DE300,3117845
DE4,2201280
DE40,2201280
DE401,64245
DE402,82143
DE403,49659
DE404,155416
DE405,164698
DE406,151432
DE407,87463
DE408,144452
DE409,169490
DE40A,187082
DE40B,95748
DE40C,156202
DE40D,86788
DE40E,187828
DE40F,67161
DE40G,97501
DE40H,150341
DE40I,103631
DE5,595231
DE50,595231
DE501,494318
DE502,100913
DE6,1567849
DE60,1567849
DE600,1567849
DE7,5354406
DE71,3423233
DE711,140439
DE712,639959
DE713,110793
DE714,243650
DE715,234866
DE716,257400
DE717,225373
DE718,203266
DE719,356360
DE71A,201835
DE71B,82024
DE71C,301656
DE71D,160587
DE71E,265025
DE72,894955
DE721,229920
DE722,217261
DE723,149475
DE724,209763
DE725,88536
DE73,1036218
DE731,169510
DE732,190053
DE733,102123
DE734,199390
DE735,155332
DE736,134071
DE737,85739
DE8,1373947
DE80,1373947
DE803,179497
DE804,84921
DE80J,216613
DE80K,187626
DE80L,189817
DE80M,135870
DE80N,198105
DE80O,181498
DE9,6865682
DE91,1374577
DE911,221703
DE912,88311
DE913,108892
DE914,148054
DE916,113482
DE917,78474
DE918,110430
DE91A,115741
DE91B,102500
DE91C,286990
DE92,1826600
DE922,188630
DE923,130560
DE925,232979
DE926,57722
DE927,103986
DE928,136266
DE929,976457
DE93,1473692
DE931,147673
DE932,171893
DE933,225217
DE934,41002
DE935,152958
DE936,97355
DE937,141613
DE938,123574
DE939,175793
DE93A,79551
DE93B,117063
DE94,2190813
DE941,69105
DE942,42602
DE943,152034
DE944,144704
DE945,66493
DE946,108314
DE947,163397
DE948,146291
DE949,281290
DE94A,87000
DE94B,121773
DE94C,144900
DE94D,112672
DE94E,302861
DE94F,121783
DE94G,77061
DE94H,48533
DEA,15427342
DEA1,4486744
DEA11,531069
DEA12,426459
DEA13,491014
DEA14,198586
DEA15,229478
DEA16,147499
DEA17,182980
DEA18,97667
DEA19,141916
DEA1A,305784
DEA1B,273409
DEA1C,421048
DEA1D,389720
DEA1E,255652
DEA1F,394463
DEA2,3839145
DEA22,277199
DEA23,883392
DEA24,143100
DEA26,237383
DEA27,404428
DEA28,171102
DEA29,224338
DEA2A,233007
DEA2B,243544
DEA2C,516295
DEA2D,505357
DEA3,2258112
DEA31,102279
DEA32,222511
DEA33,266147
DEA34,319067
DEA35,192032
DEA36,535109
DEA37,380786
DEA38,240181
DEA4,1767032
DEA41,283615
DEA42,308301
DEA43,218328
DEA44,119812
DEA45,296207
DEA46,273456
DEA47,267313
DEA5,3076309
DEA51,310874
DEA52,513944
DEA53,161670
DEA54,153408
DEA55,133553
DEA56,273814
DEA57,225996
DEA58,353094
DEA59,113813
DEA5A,236242
DEA5B,258020
DEA5C,341881
DEB,3536158
DEB1,1310477
DEB11,98747
DEB12,111047
DEB13,112596
DEB14,140922
DEB15,71446
DEB17,185734
DEB18,160434
DEB1A,107643
DEB1B,177437
DEB1C,53508
DEB1D,90963
DEB2,452514
DEB21,90326
DEB22,97772
DEB23,85244
DEB24,51774
DEB25,127398
DEB3,1773167
DEB31,40988
DEB32,87652
DEB33,41346
DEB34,146677
DEB35,193601
DEB36,45534
DEB37,34189
DEB38,43364
DEB39,72707
DEB3A,28761
DEB3B,110574
DEB3C,116268
DEB3D,64452
DEB3E,111835
DEB3F,89998
DEB3G,60899
DEB3H,97507
DEB3I,132079
DEB3J,175639
DEB3K,79097
DEC,883537
DEC0,883537
DEC01,287772
DEC02,95327
DEC03,116554
DEC04,179662
DEC05,126784
DEC06,77438
DED,3501093
DED2,1367486
DED21,478550
DED2C,255118
DED2D,215327
DED2E,207850
DED2F,210641
DED4,1217607
DED41,210440
DED42,282289
DED43,258859
DED44,194721
DED45,271298
DED5,916000
DED51,519021
DED52,223487
DED53,173492
DEE,1881220
DEE0,1881220
DEE01,67243
DEE02,196663
DEE03,210403
DEE04,70831
DEE05,136062
DEE06,77522
DEE07,146424
DEE08,153489
DEE09,184683
DEE0A,116238
DEE0B,158414
DEE0C,161555
DEE0D,93778
DEE0E,107915
DEF,2541255
DEF0,2541255
DEF01,83821
DEF02,218532
DEF03,189190
DEF04,68519
DEF05,115926
DEF06,174311
DEF07,147191
DEF08,177355
DEF09,276097
DEF0A,113091
DEF0B,238533
DEF0C,175206
DEF0D,239974
DEF0E,113994
DEF0F,209515
DEG,1844959
DEG0,1844959
DEG01,189438
DEG02,82431
DEG03,95646
DEG04,33028
DEG05,56526
DEG06,84979
DEG07,71402
DEG09,86616
DEG0A,64121
DEG0B,108356
DEG0C,119463
DEG0D,59115
DEG0E,53460
DEG0F,92893
DEG0G,70991
DEG0H,50359
DEG0I,89118
DEG0J,72523
DEG0K,68512
DEG0L,83755
DEG0M,77695
DEG0N,36965
DEG0P,101962
DEG0Q,106678
DEG0R,136516
DEG0S,32570
DEG0T,93185
DEG0U,89363
DEG0V,49974
DK,4985196
DK0,4985196
DK01,1585509
DK011,695057
DK012,462212
DK013,393913
DK014,34327
DK02,718803
DK021,213246
DK022,505557
DK03,1042029
DK031,428416
DK032,613613
DK04,1135579
DK041,360187
DK042,775392
DK05,503276
DK050,503276
EE,1141965
EE0,1141965
EE00,1141965
EE001,527905
EE004,125169
EE008,268838
EE009,103818
EE00A,116235
EFTA,12412729
EL,9025845
EL3,3298207
EL30,3298207
EL301,515439
EL302,410306
EL303,885553
EL304,458129
EL305,442655
EL306,137139
EL307,448986
EL4,970523
EL41,168542
EL411,86838
EL412,37136
EL413,44568
EL42,276325
EL421,175459
EL422,100866
EL43,525656
EL431,255733
EL432,66886
EL433,70907
EL434,132130
EL5,2529515
EL51,484738
EL511,115337
EL512,91194
EL513,92128
EL514,75272
EL515,110807
EL52,1546043
EL521,111943
EL522,942849
EL523,60518
EL524,107734
EL525,101453
EL526,132984
EL527,88562
EL53,219693
EL531,141269
EL532,39944
EL533,38480
EL54,279041
EL541,102721
EL542,35423
EL543,140897
EL6,2227600
EL61,590774
EL611,197882
EL612,228426
EL613,164466
EL62,174168
EL621,34533
EL622,86929
EL623,33380
EL624,19326
EL63,556568
EL631,163636
EL632,261504
EL633,131428
EL64,439105
EL641,90821
EL642,180832
EL643,15615
EL644,119333
EL645,32504
EL65,466985
EL651,147543
EL652,118456
EL653,200986
ES,41548146
ES1,3817721
ES11,2397536
ES111,995234
ES112,291992
ES113,275560
ES114,834750
ES12,903352
ES120,903352
ES13,516833
ES130,516833
ES2,3946575
ES21,1932033
ES211,289304
ES212,630721
ES213,1012008
ES22,573726
ES220,573726
ES23,278129
ES230,278129
ES24,1162687
ES241,197127
ES242,117671
ES243,847889
ES3,5904624
ES30,5904624
ES300,5904624
ES4,4822647
ES41,2114557
ES411,141483
ES412,313704
ES413,403364
ES414,140594
ES415,291725
ES416,136015
ES417,78834
ES418,457014
ES419,151824
ES42,1788679
ES421,335415
ES422,426310
ES423,174632
ES424,233179
ES425,619143
ES43,919411
ES431,576300
ES432,343111
ES5,12324862
ES51,6785053
ES511,4991317
ES512,686773
ES513,383172
ES514,723791
ES52,4499287
ES521,1686589
ES522,519199
ES523,2293499
ES53,1040522
ES531,147915
ES532,806388
ES533,86219
ES6,8780222
ES61,7342898
ES611,631674
ES612,1075958
ES613,669898
ES614,803568
ES615,457713
ES616,539175
ES617,1500277
ES618,1664635
ES62,1302002
ES620,1302002
ES63,67832
ES630,67832
ES64,67490
ES640,67490
ES7,1951495
ES70,1951495
ES703,10410
ES704,106802
ES705,765473
ES706,20245
ES707,75368
ES708,137274
ES709,835923
EU27_2020,381262322
FI,4723642
FI1,4698204
FI19,1176149
FI193,233844
FI194,156835
FI195,150783
FI196,183049
FI197,451638
FI198,231902
FI199,160562
FI19A,147056
FI19B,453580
FI1B,1457406
FI1B1,1457406
FI1C,987113
FI1C1,416262
FI1C2,145358
FI1C3,170845
FI1C4,145032
FI1C5,109616
FI1C6,176461
FI1C7,139416
FI1D,1077536
FI1D1,121651
FI1D2,209139
FI1D3,138282
FI1D5,55527
FI1D7,150412
FI1D8,61105
FI1D9,341420
FI1DA,114941
FI1DB,213086
FI1DC,141045
FI2,25438
FI20,25438
FI200,25438
FR,56519944
FR1,10117118
FR10,10117118
FR101,1828796
FR102,1168155
FR103,1187814
FR104,1064100
FR105,1361291
FR106,1336055
FR107,1162088
FR108,1008819
FRB,2144954
FRB0,2144954
FRB01,251758
FRB02,352723
FRB03,184387
FRB04,517752
FRB05,275309
FRB06,563025
FRC,2347460
FRC1,1367891
FRC11,454465
FRC12,173580
FRC13,462257
FRC14,277589
FRC2,979569
FRC21,452693
FRC22,215888
FRC23,195504
FRC24,115484
FRD,2772870
FRD1,1242848
FRD11,592312
FRD12,418435
FRD13,232101
FRD2,1530022
FRD21,489025
FRD22,1040997
FRE,4894507
FRE1,3326708
FRE11,2135803
FRE12,1190905
FRE2,1567799
FRE21,428872
FRE22,669399
FRE23,469528
FRF,4645391
FRF1,1612383
FRF11,972672
FRF12,639711
FRF2,1088863
FRF21,220666
FRF22,256785
FRF23,468128
FRF24,143284
FRF3,1944145
FRF31,612389
FRF32,150748
FRF33,879279
FRF34,301729
FRG,3220355
FRG0,3220355
FRG01,1220525
FRG02,683254
FRG03,251471
FRG04,467554
FRG05,597551
FRH,2878211
FRH0,2878211
FRH01,514374
FRH02,786165
FRH03,918894
FRH04,658778
FRI,5202940
FRI1,3021770
FRI11,359995
FRI12,1414341
FRI13,367628
FRI14,280237
FRI15,599569
FRI2,623345
FRI21,206196
FRI22,99885
FRI23,317264
FRI3,1557825
FRI31,298686
FRI32,577655
FRI33,313464
FRI34,368020
FRJ,5145753
FRJ1,2478719
FRJ11,321006
FRJ12,641513
FRJ13,1032888
FRJ14,65269
FRJ15,418043
FRJ2,2667034
FRJ21,132553
FRJ22,238397
FRJ23,1224872
FRJ24,164998
FRJ25,152628
FRJ26,199155
FRJ27,335835
FRJ28,218596
FRK,6766013
FRK1,1161557
FRK11,285263
FRK12,124657
FRK13,191574
FRK14,560063
FRK2,5604456
FRK21,545933
FRK22,280590
FRK23,430776
FRK24,1063102
FRK25,637575
FRK26,1574074
FRK27,373653
FRK28,698753
FRL,4362191
FRL0,4362191
FRL01,142259
FRL02,120749
FRL03,948732
FRL04,1728158
FRL05,949646
FRL06,472647
FRM,300922
FRM0,300922
FRM01,141114
FRM02,159808
FRY,1721259
FRY1,344633
FRY10,344633
FRY2,304585
FRY20,304585
FRY3,200003
FRY30,200003
FRY4,697589
FRY40,697589
FRY5,174449
FRY50,174449
HR,3302096
HR0,3302096
HR02,861416
HR021,85457
HR022,59121
HR023,53476
HR024,109447
HR025,218861
HR026,120209
HR027,96311
HR028,118534
HR03,1117767
HR031,231051
HR032,36926
HR033,137092
HR034,83123
HR035,361418
HR036,170916
HR037,97241
HR05,652043
HR050,652043
HR06,670870
HR061,87850
HR062,136700
HR063,85442
HR064,102941
HR065,257937
HU,8206689
HU1,2565675
HU11,1459944
HU110,1459944
HU12,1105731
HU120,1105731
HU2,2496703
HU21,907017
HU211,357576
HU212,257598
HU213,291843
HU22,847447
HU221,401954
HU222,216387
HU223,229106
HU23,742239
HU231,308038
HU232,255412
HU233,178789
HU3,3144311
HU31,924138
HU311,522519
HU312,245749
HU313,155870
HU32,1186233
HU321,441734
HU322,303036
HU323,441463
HU33,1033940
HU331,422297
HU332,272740
HU333,338903
IE,4251954
IE0,4251954
IE04,745725
IE041,341969
IE042,403756
IE05,1410221
IE051,419513
IE052,377116
IE053,613592
IE06,2096008
IE061,1224337
IE062,613328
IE063,258343
IS,317251
IS0,317251
IS00,317251
IS001,202785
IS002,114466
IT,51653102
ITC,13907291
ITC1,3753746
ITC11,1944091
ITC12,147580
ITC13,152184
ITC14,137971
ITC15,318098
ITC16,506554
ITC17,183947
ITC18,363321
ITC2,108207
ITC20,108207
ITC3,1346918
ITC31,186136
ITC32,239912
ITC33,729507
ITC34,191363
ITC4,8698420
ITC41,768134
ITC42,522300
ITC43,291249
ITC44,156814
ITC46,958802
ITC47,1090950
ITC48,472943
ITC49,197932
ITC4A,309080
ITC4B,354909
ITC4C,2816051
ITC4D,759256
ITF,11730805
ITF1,1121448
ITF11,254766
ITF12,263398
ITF13,274152
ITF14,329132
ITF2,259294
ITF21,71298
ITF22,187996
ITF3,4836290
ITF31,777211
ITF32,232264
ITF33,2549773
ITF34,352487
ITF35,924555
ITF4,3427135
ITF43,489074
ITF44,334805
ITF45,681888
ITF46,519065
ITF47,1072206
ITF48,330097
ITF5,476970
ITF51,308343
ITF52,168627
ITF6,1609668
ITF61,589693
ITF62,139667
ITF63,299221
ITF64,131682
ITF65,449405
ITG,5588562
ITG1,4174260
ITG11,363467
ITG12,1036551
ITG13,528701
ITG14,361025
ITG15,217378
ITG16,136683
ITG17,922032
ITG18,273584
ITG19,334839
ITG2,1414302
ITG2D,423318
ITG2E,176918
ITG2F,376381
ITG2G,136112
ITG2H,301573
ITH,10120921
ITH1,452000
ITH10,452000
ITH2,469677
ITH20,469677
ITH3,4250577
ITH31,804277
ITH32,744506
ITH33,176557
ITH34,765709
ITH35,739144
ITH36,816341
ITH37,204043
ITH4,1058783
ITH41,271269
ITH42,460672
ITH43,122321
ITH44,204521
ITH5,3889884
ITH51,249400
ITH52,393654
ITH53,457223
ITH54,613001
ITH55,891774
ITH56,303673
ITH57,340392
ITH58,343385
ITH59,297382
ITI,10305523
ITI1,3237752
ITI11,168159
ITI12,339444
ITI13,255691
ITI14,871881
ITI15,226411
ITI16,290599
ITI17,366445
ITI18,295295
ITI19,230000
ITI1A,193827
ITI2,756714
ITI21,562753
ITI22,193961
ITI3,1308492
ITI31,307326
ITI32,406592
ITI33,267320
ITI34,178671
ITI35,148583
ITI4,5002565
ITI41,273042
ITI42,134419
ITI43,3689779
ITI44,493608
ITI45,411717
LI,33937
LI0,33937
LI00,33937
LI000,33937
LT,2430152
LT0,2430152
LT01,706297
LT011,706297
LT02,1723855
LT021,119090
LT022,492115
LT023,280495
LT024,117239
LT025,184937
LT026,227962
LT027,78327
LT028,112490
LT029,111200
LU,555994
LU0,555994
LU00,555994
LU000,555994
LV,1582531
LV0,1582531
LV00,1582531
LV003,195591
LV005,211841
LV006,517109
LV007,317406
LV008,152201
LV009,188383
ME,506465
ME0,506465
ME00,506465
ME000,506465
MK,1521962
MK0,1521962
MK00,1521962
MK001,116295
MK002,128274
MK003,148846
MK004,124181
MK005,177792
MK006,205829
MK007,126766
MK008,493979
MT,473069
MT0,473069
MT00,473069
MT001,437966
MT002,35103
NL,15083914
NL1,1503040
NL11,515085
NL111,118470
NL112,39134
NL113,357481
NL12,559217
NL124,276977
NL125,121046
NL126,161194
NL13,428738
NL131,166230
NL132,146618
NL133,115890
NL2,3167538
NL21,996857
NL211,318805
NL212,135420
NL213,542632
NL22,1806967
NL221,595717
NL224,212831
NL225,350266
NL226,648153
NL23,363714
NL230,363714
NL3,7190673
NL31,1156245
NL310,1156245
NL32,2506072
NL321,327770
NL323,170504
NL324,195736
NL325,148109
NL327,202615
NL328,216419
NL329,1244919
NL33,3195535
NL332,760851
NL333,205170
NL337,374150
NL33A,315807
NL33B,288727
NL33C,1250830
NL34,332821
NL341,91919
NL342,240902
NL4,3222663
NL41,2238219
NL411,551912
NL412,429182
NL413,571963
NL414,685162
NL42,984444
NL421,249746
NL422,209751
NL423,524947
NO,4572917
NO0,4572917
NO02,318520
NO020,318520
NO06,399769
NO060,399769
NO07,408900
NO071,203672
NO072,142520
NO073,62708
NO074,205228
NO08,1665786
NO081,597560
NO082,1068226
NO083,259351
NO084,585035
NO085,223840
NO09,621701
NO091,360935
NO092,260766
NO093,212736
NO094,148199
NO0A,1158241
NO0A1,399238
NO0A2,535420
NO0A3,223583
PL,31085397
PL2,6396517
PL21,2772733
PL213,679752
PL214,615759
PL217,356613
PL218,416827
PL219,264506
PL21A,439276
PL22,3623784
PL224,413738
PL225,540633
PL227,496506
PL228,344222
PL229,366886
PL22A,588236
PL22B,552634
PL22C,320929
PL4,5052729
PL41,2880266
PL411,323053
PL414,524706
PL415,465144
PL416,540479
PL417,449230
PL418,577654
PL42,1362466
PL424,334903
PL426,286098
PL427,326166
PL428,415299
PL43,809997
PL431,307970
PL432,502027
PL5,3174420
PL51,2404893
PL514,577692
PL515,444256
PL516,357554
PL517,508635
PL518,516756
PL52,769527
PL523,288970
PL524,480557
PL6,4668054
PL61,1648931
PL613,633610
PL616,303736
PL617,284365
PL618,145507
PL619,281713
PL62,1105407
PL621,405937
PL622,481170
PL623,218300
PL63,1913716
PL633,640317
PL634,500182
PL636,262504
PL637,176369
PL638,334344
PL7,2981997
PL71,2007489
PL711,571576
PL712,327367
PL713,462959
PL714,356657
PL715,288930
PL72,974508
PL721,598430
PL722,376078
PL8,4225880
PL81,1658277
PL811,232489
PL812,478738
PL814,577241
PL815,369809
PL82,1650813
PL821,370131
PL822,298706
PL823,511581
PL824,470395
PL84,916790
PL841,410351
PL842,299415
PL843,207024
PL9,4585800
PL91,2728745
PL911,1585061
PL912,559913
PL913,583771
PL92,1857055
PL921,478330
PL922,271387
PL923,261048
PL924,301355
PL925,330800
PL926,214135
PT,9155149
PT1,8727617
PT11,3195091
PT111,206805
PT112,368608
PT119,368646
PT11A,1556111
PT11B,75952
PT11C,357415
PT11D,164686
PT11E,96868
PT15,412676
PT150,412676
PT16,1995748
PT16B,329069
PT16D,328879
PT16E,390990
PT16F,255765
PT16G,224561
PT16H,72707
PT16I,205349
PT16J,188428
PT17,2496798
PT170,2496798
PT18,627304
PT181,87811
PT184,100634
PT185,212709
PT186,91900
PT187,134250
PT19,1477714
PT191,328879
PT192,390990
PT193,255765
PT194,224561
PT195,89091
PT196,188428
PT1A,1792255
PT1A0,1792255
PT1B,704543
PT1B0,704543
PT1C,414595
PT1C1,87811
PT1C2,100634
PT1C3,91900
PT1C4,134250
PT1D,730743
PT1D1,329069
PT1D2,188965
PT1D3,212709
PT2,205217
PT20,205217
PT200,205217
PT3,222315
PT30,222315
PT300,222315
RO,15983170
RO1,4016229
RO11,2117006
RO111,461770
RO112,243541
RO113,582281
RO114,379604
RO115,274987
RO116,174823
RO12,1899223
RO121,277546
RO122,456541
RO123,165874
RO124,242679
RO125,432418
RO126,324165
RO2,4618083
RO21,2631364
RO211,493377
RO212,325119
RO213,618638
RO214,376229
RO215,515768
RO216,302233
RO22,1986719
RO221,239629
RO222,342260
RO223,547629
RO224,416363
RO225,162404
RO226,278434
RO3,4333781
RO31,2415234
RO311,483738
RO312,234442
RO313,403774
RO314,219052
RO315,205803
RO316,592574
RO317,275851
RO32,1918547
RO321,1457098
RO322,461449
RO4,3015077
RO41,1596757
RO411,506229
RO412,269373
RO413,198772
RO414,327905
RO415,294478
RO42,1418320
RO421,345626
RO422,210987
RO423,309952
RO424,551755
RS,5682811
RS1,2909821
RS11,1426648
RS110,1426648
RS12,1483173
RS121,133641
RS122,222323
RS123,512444
RS124,101413
RS125,136775
RS126,134879
RS127,241698
RS2,2772990
RS21,1558021
RS211,218842
RS212,132992
RS213,228123
RS214,162787
RS215,158824
RS216,180208
RS217,244907
RS218,231338
RS22,1214969
RS221,88851
RS222,136661
RS223,85568
RS224,159352
RS225,296633
RS226,67380
RS227,150358
RS228,164214
RS229,65952
SE,8692463
SE1,3459770
SE11,2003388
SE110,2003388
SE12,1456382
SE121,330758
SE122,248571
SE123,391078
SE124,254403
SE125,231572
SE2,3758295
SE21,728890
SE211,302350
SE212,167595
SE213,207130
SE214,51815
SE22,1293919
SE221,132787
SE224,1161132
SE23,1735486
SE231,281479
SE232,1454007
SE3,1474398
SE31,718896
SE311,238180
SE312,240213
SE313,240503
SE32,314253
SE321,203793
SE322,110460
SE33,441249
SE331,230189
SE332,211060
SI,1799441
SI0,1799441
SI03,946162
SI031,99207
SI032,283528
SI033,60421
SI034,221014
SI035,48939
SI036,64699
SI037,122908
SI038,45446
SI04,853279
SI041,472845
SI042,177124
SI043,100887
SI044,102423
SK,4555340
SK0,4555340
SK01,604112
SK010,604112
SK02,1546975
SK021,480947
SK022,488986
SK023,577042
SK03,1102628
SK031,577631
SK032,524997
SK04,1301625
SK041,659040
SK042,642585
TR,66544442
TR1,12644129
TR10,12644129
TR100,12644129
TR2,3099654
TR21,1571871
TR211,904678
TR212,354102
TR213,313091
TR22,1527783
TR221,1055017
TR222,472766
TR3,8894561
TR31,3668723
TR310,3668723
TR32,2661691
TR321,938069
TR322,855246
TR323,868376
TR33,2564147
TR331,1179152
TR332,591863
TR333,484920
TR334,308212
TR4,6766641
TR41,3466692
TR411,2530248
TR412,749285
TR413,187159
TR42,3299949
TR421,1611987
TR422,858020
TR423,324415
TR424,266432
TR425,239095
TR5,6624012
TR51,4644055
TR510,4644055
TR52,1979957
TR521,1773482
TR522,206475
TR6,8491483
TR61,2736447
TR611,2140395
TR612,366341
TR613,229711
TR62,3226423
TR621,1734859
TR622,1491564
TR63,2528613
TR631,1240263
TR632,869455
TR633,418895
TR7,3255781
TR71,1290225
TR711,228008
TR712,330837
TR713,284457
TR714,248558
TR715,198365
TR72,1965556
TR721,1115285
TR722,511456
TR723,338815
TR8,3850144
TR81,878232
TR811,492994
TR812,213433
TR813,171805
TR82,668533
TR821,319934
TR822,162288
TR823,186311
TR83,2303379
TR831,1107991
TR832,487315
TR833,429025
TR834,279048
TR9,2216595
TR90,2216595
TR901,663296
TR902,625703
TR903,380775
TR904,283582
TR905,142849
TR906,120390
TRA,1600219
TRA1,831358
TRA11,567971
TRA12,194862
TRA13,68525
TRA2,768861
TRA21,342217
TRA22,205414
TRA23,146761
TRA24,74469
TRB,2867914
TRB1,1384293
TRB11,635852
TRB12,466025
TRB13,210326
TRB14,72090
TRB2,1483621
TRB21,770310
TRB22,269865
TRB23,244522
TRB24,198924
TRC,6233309
TRC1,2055178
TRC11,1490588
TRC12,457552
TRC13,107038
TRC2,2569417
TRC21,1336219
TRC22,1233198
TRC3,1608714
TRC31,587744
TRC32,431699
TRC33,365421
TRC34,223850
